5fe6df61-6c55-45f2-a505-d17e8e2a5bc9;2024-02-14T04:00:00Z;91.17;91.22;91.3425;91.17;8248;
5fe6df61-6c55-45f2-a505-d17e8e2a5bc9;2024-02-14T04:01:00Z;91.3175;91.23;91.3175;91.23;195;
5fe6df61-6c55-45f2-a505-d17e8e2a5bc9;2024-02-14T04:02:00Z;91.29;91.2325;91.2925;91.23;4126;
5fe6df61-6c55-45f2-a505-d17e8e2a5bc9;2024-02-14T04:03:00Z;91.2375;91.2375;91.2375;91.2375;17;
5fe6df61-6c55-45f2-a505-d17e8e2a5bc9;2024-02-14T04:04:00Z;91.235;91.3025;91.3025;91.235;330;
5fe6df61-6c55-45f2-a505-d17e8e2a5bc9;2024-02-14T04:05:00Z;91.2713;91.255;91.3325;91.255;8;
5fe6df61-6c55-45f2-a505-d17e8e2a5bc9;2024-02-14T04:06:00Z;91.265;91.265;91.265;91.265;5;
5fe6df61-6c55-45f2-a505-d17e8e2a5bc9;2024-02-14T04:07:00Z;91.275;91.3425;91.35;91.275;1103;
5fe6df61-6c55-45f2-a505-d17e8e2a5bc9;2024-02-14T04:08:00Z;91.2838;91.345;91.345;91.275;82;
5fe6df61-6c55-45f2-a505-d17e8e2a5bc9;2024-02-14T04:09:00Z;91.275;91.275;91.275;91.275;5;
5fe6df61-6c55-45f2-a505-d17e8e2a5bc9;2024-02-14T04:10:00Z;91.33;91.2975;91.33;91.2975;183;
5fe6df61-6c55-45f2-a505-d17e8e2a5bc9;2024-02-14T04:11:00Z;91.3025;91.3038;91.33;91.3025;7108;
5fe6df61-6c55-45f2-a505-d17e8e2a5bc9;2024-02-14T04:12:00Z;91.3;91.3;91.3;91.3;8;
5fe6df61-6c55-45f2-a505-d17e8e2a5bc9;2024-02-14T04:13:00Z;91.33;91.3025;91.33;91.3025;501;
5fe6df61-6c55-45f2-a505-d17e8e2a5bc9;2024-02-14T04:14:00Z;91.34;91.3;91.34;91.3;8;
5fe6df61-6c55-45f2-a505-d17e8e2a5bc9;2024-02-14T04:15:00Z;91.3425;91.3425;91.3425;91.3425;15;
5fe6df61-6c55-45f2-a505-d17e8e2a5bc9;2024-02-14T04:16:00Z;91.3;91.3025;91.3425;91.3;18;
5fe6df61-6c55-45f2-a505-d17e8e2a5bc9;2024-02-14T04:17:00Z;91.3425;91.3425;91.3425;91.3425;41;
5fe6df61-6c55-45f2-a505-d17e8e2a5bc9;2024-02-14T04:18:00Z;91.3;91.3475;91.3475;91.3;731;
5fe6df61-6c55-45f2-a505-d17e8e2a5bc9;2024-02-14T04:19:00Z;91.3475;91.3475;91.3475;91.3475;10;
5fe6df61-6c55-45f2-a505-d17e8e2a5bc9;2024-02-14T04:20:00Z;91.3025;91.35;91.35;91.3;356;
5fe6df61-6c55-45f2-a505-d17e8e2a5bc9;2024-02-14T04:21:00Z;91.3;91.3063;91.3063;91.3;273;
5fe6df61-6c55-45f2-a505-d17e8e2a5bc9;2024-02-14T04:22:00Z;91.3038;91.3;91.3038;91.3;135;
5fe6df61-6c55-45f2-a505-d17e8e2a5bc9;2024-02-14T04:23:00Z;91.3;91.3462;91.35;91.3;49;
5fe6df61-6c55-45f2-a505-d17e8e2a5bc9;2024-02-14T04:24:00Z;91.3425;91.3425;91.3425;91.3425;2;
5fe6df61-6c55-45f2-a505-d17e8e2a5bc9;2024-02-14T04:25:00Z;91.3088;91.32;91.35;91.3088;791;
5fe6df61-6c55-45f2-a505-d17e8e2a5bc9;2024-02-14T04:26:00Z;91.32;91.3363;91.35;91.32;5020;
5fe6df61-6c55-45f2-a505-d17e8e2a5bc9;2024-02-14T04:27:00Z;91.3526;91.36;91.4225;91.3463;76203;
5fe6df61-6c55-45f2-a505-d17e8e2a5bc9;2024-02-14T04:28:00Z;91.36;91.3025;91.36;91.3025;8;
5fe6df61-6c55-45f2-a505-d17e8e2a5bc9;2024-02-14T04:29:00Z;91.415;91.3425;91.415;91.3;46;
5fe6df61-6c55-45f2-a505-d17e8e2a5bc9;2024-02-14T04:30:00Z;91.3;91.34;91.3425;91.3;43;
5fe6df61-6c55-45f2-a505-d17e8e2a5bc9;2024-02-14T04:31:00Z;91.3325;91.3225;91.3325;91.3;2286;
5fe6df61-6c55-45f2-a505-d17e8e2a5bc9;2024-02-14T04:32:00Z;91.3225;91.3225;91.3225;91.3;15;
5fe6df61-6c55-45f2-a505-d17e8e2a5bc9;2024-02-14T04:33:00Z;91.3225;91.3;91.3225;91.3;41;
5fe6df61-6c55-45f2-a505-d17e8e2a5bc9;2024-02-14T04:34:00Z;91.3275;91.3;91.3275;91.3;530;
5fe6df61-6c55-45f2-a505-d17e8e2a5bc9;2024-02-14T04:35:00Z;91.3;91.3275;91.3275;91.3;42;
5fe6df61-6c55-45f2-a505-d17e8e2a5bc9;2024-02-14T04:36:00Z;91.3275;91.33;91.33;91.3275;8;
5fe6df61-6c55-45f2-a505-d17e8e2a5bc9;2024-02-14T04:37:00Z;91.33;91.33;91.33;91.3;395;
5fe6df61-6c55-45f2-a505-d17e8e2a5bc9;2024-02-14T04:38:00Z;91.3;91.33;91.33;91.3;5605;
5fe6df61-6c55-45f2-a505-d17e8e2a5bc9;2024-02-14T04:39:00Z;91.3275;91.3275;91.3275;91.3275;2;
5fe6df61-6c55-45f2-a505-d17e8e2a5bc9;2024-02-14T04:40:00Z;91.275;91.33;91.33;91.275;71;
5fe6df61-6c55-45f2-a505-d17e8e2a5bc9;2024-02-14T04:41:00Z;91.2725;91.33;91.33;91.2725;2;
5fe6df61-6c55-45f2-a505-d17e8e2a5bc9;2024-02-14T04:42:00Z;91.285;91.285;91.33;91.285;65;
5fe6df61-6c55-45f2-a505-d17e8e2a5bc9;2024-02-14T04:43:00Z;91.33;91.33;91.33;91.285;191;
5fe6df61-6c55-45f2-a505-d17e8e2a5bc9;2024-02-14T04:44:00Z;91.28;91.2825;91.33;91.28;53;
5fe6df61-6c55-45f2-a505-d17e8e2a5bc9;2024-02-14T04:45:00Z;91.2888;91.285;91.35;91.285;768;
5fe6df61-6c55-45f2-a505-d17e8e2a5bc9;2024-02-14T04:46:00Z;91.38;91.395;91.395;91.3175;47;
5fe6df61-6c55-45f2-a505-d17e8e2a5bc9;2024-02-14T04:47:00Z;91.3925;91.3975;91.3975;91.3875;497;
5fe6df61-6c55-45f2-a505-d17e8e2a5bc9;2024-02-14T04:48:00Z;91.3825;91.3175;91.39;91.3075;1346;
5fe6df61-6c55-45f2-a505-d17e8e2a5bc9;2024-02-14T04:49:00Z;91.37;91.3875;91.3875;91.31;114;
5fe6df61-6c55-45f2-a505-d17e8e2a5bc9;2024-02-14T04:50:00Z;91.305;91.315;91.3975;91.305;291;
5fe6df61-6c55-45f2-a505-d17e8e2a5bc9;2024-02-14T04:51:00Z;91.3075;91.325;91.325;91.3075;14;
5fe6df61-6c55-45f2-a505-d17e8e2a5bc9;2024-02-14T04:52:00Z;91.37;91.3325;91.3975;91.3025;1503;
5fe6df61-6c55-45f2-a505-d17e8e2a5bc9;2024-02-14T04:53:00Z;91.3925;91.3875;91.3925;91.32;64;
5fe6df61-6c55-45f2-a505-d17e8e2a5bc9;2024-02-14T04:54:00Z;91.32;91.385;91.3875;91.3125;665;
5fe6df61-6c55-45f2-a505-d17e8e2a5bc9;2024-02-14T04:55:00Z;91.3125;91.3125;91.3125;91.3125;660;
5fe6df61-6c55-45f2-a505-d17e8e2a5bc9;2024-02-14T04:56:00Z;91.3125;91.3125;91.3925;91.3125;26;
5fe6df61-6c55-45f2-a505-d17e8e2a5bc9;2024-02-14T04:57:00Z;91.3787;91.3125;91.3787;91.3125;200;
5fe6df61-6c55-45f2-a505-d17e8e2a5bc9;2024-02-14T04:58:00Z;91.3125;91.3125;91.3825;91.3125;147;
5fe6df61-6c55-45f2-a505-d17e8e2a5bc9;2024-02-14T04:59:00Z;91.33;91.345;91.345;91.31;726;
5fe6df61-6c55-45f2-a505-d17e8e2a5bc9;2024-02-14T05:00:00Z;91.34;91.385;91.385;91.3175;1413;
5fe6df61-6c55-45f2-a505-d17e8e2a5bc9;2024-02-14T05:01:00Z;91.3175;91.365;91.385;91.3175;1889;
5fe6df61-6c55-45f2-a505-d17e8e2a5bc9;2024-02-14T05:02:00Z;91.31;91.3775;91.385;91.31;1037;
5fe6df61-6c55-45f2-a505-d17e8e2a5bc9;2024-02-14T05:03:00Z;91.3125;91.3125;91.3125;91.3125;101;
5fe6df61-6c55-45f2-a505-d17e8e2a5bc9;2024-02-14T05:04:00Z;91.2875;91.3775;91.3775;91.28;23;
5fe6df61-6c55-45f2-a505-d17e8e2a5bc9;2024-02-14T05:05:00Z;91.3375;91.2875;91.3675;91.2875;302;
5fe6df61-6c55-45f2-a505-d17e8e2a5bc9;2024-02-14T05:06:00Z;91.3475;91.3625;91.3625;91.3325;332;
5fe6df61-6c55-45f2-a505-d17e8e2a5bc9;2024-02-14T05:07:00Z;91.3525;91.285;91.37;91.2825;210;
5fe6df61-6c55-45f2-a505-d17e8e2a5bc9;2024-02-14T05:08:00Z;91.36;91.3375;91.3675;91.2775;131;
5fe6df61-6c55-45f2-a505-d17e8e2a5bc9;2024-02-14T05:09:00Z;91.36;91.36;91.36;91.36;1;
5fe6df61-6c55-45f2-a505-d17e8e2a5bc9;2024-02-14T05:10:00Z;91.35;91.3725;91.3725;91.2925;94;
5fe6df61-6c55-45f2-a505-d17e8e2a5bc9;2024-02-14T05:11:00Z;91.3725;91.2975;91.3725;91.2925;5037;
5fe6df61-6c55-45f2-a505-d17e8e2a5bc9;2024-02-14T05:12:00Z;91.3525;91.285;91.3725;91.2825;2247;
5fe6df61-6c55-45f2-a505-d17e8e2a5bc9;2024-02-14T05:13:00Z;91.3575;91.305;91.3575;91.265;4560;
5fe6df61-6c55-45f2-a505-d17e8e2a5bc9;2024-02-14T05:14:00Z;91.2625;91.3475;91.3475;91.2625;1209;
5fe6df61-6c55-45f2-a505-d17e8e2a5bc9;2024-02-14T05:15:00Z;91.27;91.27;91.335;91.27;479;
5fe6df61-6c55-45f2-a505-d17e8e2a5bc9;2024-02-14T05:16:00Z;91.2825;91.3275;91.3325;91.2825;52;
5fe6df61-6c55-45f2-a505-d17e8e2a5bc9;2024-02-14T05:17:00Z;91.28;91.2825;91.35;91.28;77;
5fe6df61-6c55-45f2-a505-d17e8e2a5bc9;2024-02-14T05:18:00Z;91.3375;91.335;91.3375;91.2825;396;
5fe6df61-6c55-45f2-a505-d17e8e2a5bc9;2024-02-14T05:19:00Z;91.345;91.3525;91.36;91.3075;98;
5fe6df61-6c55-45f2-a505-d17e8e2a5bc9;2024-02-14T05:20:00Z;91.32;91.32;91.3625;91.32;735;
5fe6df61-6c55-45f2-a505-d17e8e2a5bc9;2024-02-14T05:21:00Z;91.3625;91.3625;91.3625;91.3625;19;
5fe6df61-6c55-45f2-a505-d17e8e2a5bc9;2024-02-14T05:22:00Z;91.3625;91.365;91.365;91.3213;304;
5fe6df61-6c55-45f2-a505-d17e8e2a5bc9;2024-02-14T05:23:00Z;91.3625;91.3225;91.3625;91.3225;515;
5fe6df61-6c55-45f2-a505-d17e8e2a5bc9;2024-02-14T05:24:00Z;91.355;91.3225;91.355;91.3225;43;
5fe6df61-6c55-45f2-a505-d17e8e2a5bc9;2024-02-14T05:25:00Z;91.3625;91.36;91.3625;91.3275;1192;
5fe6df61-6c55-45f2-a505-d17e8e2a5bc9;2024-02-14T05:26:00Z;91.36;91.36;91.36;91.36;100;
5fe6df61-6c55-45f2-a505-d17e8e2a5bc9;2024-02-14T05:27:00Z;91.36;91.325;91.365;91.3225;164;
5fe6df61-6c55-45f2-a505-d17e8e2a5bc9;2024-02-14T05:28:00Z;91.325;91.3675;91.3675;91.325;2867;
5fe6df61-6c55-45f2-a505-d17e8e2a5bc9;2024-02-14T05:29:00Z;91.3425;91.32;91.345;91.32;117;
5fe6df61-6c55-45f2-a505-d17e8e2a5bc9;2024-02-14T05:30:00Z;91.32;91.32;91.3475;91.32;605;
5fe6df61-6c55-45f2-a505-d17e8e2a5bc9;2024-02-14T05:31:00Z;91.3475;91.3475;91.3475;91.32;3540;
5fe6df61-6c55-45f2-a505-d17e8e2a5bc9;2024-02-14T05:32:00Z;91.32;91.32;91.3475;91.32;88;
5fe6df61-6c55-45f2-a505-d17e8e2a5bc9;2024-02-14T05:33:00Z;91.3475;91.3475;91.3475;91.32;25;
5fe6df61-6c55-45f2-a505-d17e8e2a5bc9;2024-02-14T05:34:00Z;91.3475;91.36;91.36;91.32;21;
5fe6df61-6c55-45f2-a505-d17e8e2a5bc9;2024-02-14T05:35:00Z;91.3225;91.3225;91.36;91.3225;325;
5fe6df61-6c55-45f2-a505-d17e8e2a5bc9;2024-02-14T05:36:00Z;91.36;91.3575;91.36;91.3225;410;
5fe6df61-6c55-45f2-a505-d17e8e2a5bc9;2024-02-14T05:37:00Z;91.32;91.32;91.3575;91.32;1616;
5fe6df61-6c55-45f2-a505-d17e8e2a5bc9;2024-02-14T05:38:00Z;91.345;91.32;91.345;91.32;49;
5fe6df61-6c55-45f2-a505-d17e8e2a5bc9;2024-02-14T05:39:00Z;91.345;91.39;91.39;91.345;70;
5fe6df61-6c55-45f2-a505-d17e8e2a5bc9;2024-02-14T05:40:00Z;91.3625;91.4225;91.4325;91.3625;1389;
5fe6df61-6c55-45f2-a505-d17e8e2a5bc9;2024-02-14T05:41:00Z;91.42;91.3725;91.445;91.355;4697;
5fe6df61-6c55-45f2-a505-d17e8e2a5bc9;2024-02-14T05:42:00Z;91.3725;91.4325;91.4325;91.3725;3;
5fe6df61-6c55-45f2-a505-d17e8e2a5bc9;2024-02-14T05:43:00Z;91.3725;91.3725;91.43;91.3725;282;
5fe6df61-6c55-45f2-a505-d17e8e2a5bc9;2024-02-14T05:44:00Z;91.4275;91.3725;91.4275;91.3225;1021;
5fe6df61-6c55-45f2-a505-d17e8e2a5bc9;2024-02-14T05:45:00Z;91.3238;91.3575;91.3575;91.3225;1137;
5fe6df61-6c55-45f2-a505-d17e8e2a5bc9;2024-02-14T05:47:00Z;91.38;91.38;91.395;91.3225;275;
5fe6df61-6c55-45f2-a505-d17e8e2a5bc9;2024-02-14T05:48:00Z;91.3875;91.37;91.4125;91.3225;29;
5fe6df61-6c55-45f2-a505-d17e8e2a5bc9;2024-02-14T05:49:00Z;91.355;91.335;91.395;91.3175;160;
5fe6df61-6c55-45f2-a505-d17e8e2a5bc9;2024-02-14T05:50:00Z;91.3925;91.385;91.3925;91.3325;705;
5fe6df61-6c55-45f2-a505-d17e8e2a5bc9;2024-02-14T05:51:00Z;91.33;91.3875;91.4;91.33;2051;
5fe6df61-6c55-45f2-a505-d17e8e2a5bc9;2024-02-14T05:52:00Z;91.3825;91.3975;91.4175;91.3575;1061;
5fe6df61-6c55-45f2-a505-d17e8e2a5bc9;2024-02-14T05:53:00Z;91.355;91.3975;91.3975;91.355;7;
5fe6df61-6c55-45f2-a505-d17e8e2a5bc9;2024-02-14T05:54:00Z;91.3975;91.355;91.3975;91.355;305;
5fe6df61-6c55-45f2-a505-d17e8e2a5bc9;2024-02-14T05:55:00Z;91.3625;91.365;91.3975;91.3625;493;
5fe6df61-6c55-45f2-a505-d17e8e2a5bc9;2024-02-14T05:56:00Z;91.3975;91.3975;91.3975;91.3675;464;
5fe6df61-6c55-45f2-a505-d17e8e2a5bc9;2024-02-14T05:57:00Z;91.3962;91.3975;91.3975;91.365;1146;
5fe6df61-6c55-45f2-a505-d17e8e2a5bc9;2024-02-14T05:58:00Z;91.37;91.3975;91.3975;91.37;47;
5fe6df61-6c55-45f2-a505-d17e8e2a5bc9;2024-02-14T05:59:00Z;91.3975;91.37;91.3975;91.37;2082;
5fe6df61-6c55-45f2-a505-d17e8e2a5bc9;2024-02-14T06:00:00Z;91.395;91.355;91.3975;91.355;183;
5fe6df61-6c55-45f2-a505-d17e8e2a5bc9;2024-02-14T06:01:00Z;91.365;91.34;91.3825;91.3375;147;
5fe6df61-6c55-45f2-a505-d17e8e2a5bc9;2024-02-14T06:02:00Z;91.335;91.315;91.34;91.315;807;
5fe6df61-6c55-45f2-a505-d17e8e2a5bc9;2024-02-14T06:03:00Z;91.34;91.31;91.34;91.31;2029;
5fe6df61-6c55-45f2-a505-d17e8e2a5bc9;2024-02-14T06:04:00Z;91.34;91.335;91.34;91.3075;779;
5fe6df61-6c55-45f2-a505-d17e8e2a5bc9;2024-02-14T06:05:00Z;91.3262;91.3225;91.335;91.3075;1595;
5fe6df61-6c55-45f2-a505-d17e8e2a5bc9;2024-02-14T06:06:00Z;91.31;91.3225;91.33;91.305;530;
5fe6df61-6c55-45f2-a505-d17e8e2a5bc9;2024-02-14T06:07:00Z;91.3225;91.305;91.3225;91.305;4965;
5fe6df61-6c55-45f2-a505-d17e8e2a5bc9;2024-02-14T06:08:00Z;91.3087;91.3275;91.3275;91.3087;7;
5fe6df61-6c55-45f2-a505-d17e8e2a5bc9;2024-02-14T06:09:00Z;91.3275;91.305;91.3275;91.305;162;
5fe6df61-6c55-45f2-a505-d17e8e2a5bc9;2024-02-14T06:10:00Z;91.3275;91.3325;91.3325;91.3125;199;
5fe6df61-6c55-45f2-a505-d17e8e2a5bc9;2024-02-14T06:11:00Z;91.325;91.315;91.3425;91.315;188;
5fe6df61-6c55-45f2-a505-d17e8e2a5bc9;2024-02-14T06:12:00Z;91.3425;91.345;91.3475;91.3175;656;
5fe6df61-6c55-45f2-a505-d17e8e2a5bc9;2024-02-14T06:13:00Z;91.32;91.345;91.345;91.32;2033;
5fe6df61-6c55-45f2-a505-d17e8e2a5bc9;2024-02-14T06:14:00Z;91.345;91.345;91.3475;91.345;35;
5fe6df61-6c55-45f2-a505-d17e8e2a5bc9;2024-02-14T06:15:00Z;91.345;91.345;91.345;91.3175;44;
5fe6df61-6c55-45f2-a505-d17e8e2a5bc9;2024-02-14T06:16:00Z;91.345;91.3425;91.345;91.315;229;
5fe6df61-6c55-45f2-a505-d17e8e2a5bc9;2024-02-14T06:17:00Z;91.315;91.345;91.345;91.315;1245;
5fe6df61-6c55-45f2-a505-d17e8e2a5bc9;2024-02-14T06:18:00Z;91.3475;91.3675;91.3675;91.315;96;
5fe6df61-6c55-45f2-a505-d17e8e2a5bc9;2024-02-14T06:19:00Z;91.345;91.3625;91.3675;91.345;132;
5fe6df61-6c55-45f2-a505-d17e8e2a5bc9;2024-02-14T06:20:00Z;91.3375;91.34;91.3625;91.3375;505;
5fe6df61-6c55-45f2-a505-d17e8e2a5bc9;2024-02-14T06:21:00Z;91.3625;91.35;91.3625;91.3225;782;
5fe6df61-6c55-45f2-a505-d17e8e2a5bc9;2024-02-14T06:22:00Z;91.35;91.325;91.35;91.325;146;
5fe6df61-6c55-45f2-a505-d17e8e2a5bc9;2024-02-14T06:23:00Z;91.345;91.3462;91.3462;91.3275;9132;
5fe6df61-6c55-45f2-a505-d17e8e2a5bc9;2024-02-14T06:24:00Z;91.36;91.35;91.36;91.33;404;
5fe6df61-6c55-45f2-a505-d17e8e2a5bc9;2024-02-14T06:25:00Z;91.345;91.3275;91.345;91.32;238;
5fe6df61-6c55-45f2-a505-d17e8e2a5bc9;2024-02-14T06:26:00Z;91.325;91.33;91.33;91.305;143;
5fe6df61-6c55-45f2-a505-d17e8e2a5bc9;2024-02-14T06:27:00Z;91.3075;91.29;91.33;91.29;962;
5fe6df61-6c55-45f2-a505-d17e8e2a5bc9;2024-02-14T06:28:00Z;91.305;91.2975;91.305;91.28;1786;
5fe6df61-6c55-45f2-a505-d17e8e2a5bc9;2024-02-14T06:29:00Z;91.2975;91.335;91.335;91.2975;57;
5fe6df61-6c55-45f2-a505-d17e8e2a5bc9;2024-02-14T06:30:00Z;91.3288;91.3325;91.345;91.32;493;
5fe6df61-6c55-45f2-a505-d17e8e2a5bc9;2024-02-14T06:31:00Z;91.34;91.34;91.34;91.325;62;
5fe6df61-6c55-45f2-a505-d17e8e2a5bc9;2024-02-14T06:32:00Z;91.34;91.3362;91.34;91.3175;863;
5fe6df61-6c55-45f2-a505-d17e8e2a5bc9;2024-02-14T06:33:00Z;91.3325;91.3225;91.3325;91.315;209;
5fe6df61-6c55-45f2-a505-d17e8e2a5bc9;2024-02-14T06:34:00Z;91.31;91.325;91.325;91.2975;10442;
5fe6df61-6c55-45f2-a505-d17e8e2a5bc9;2024-02-14T06:35:00Z;91.3275;91.3275;91.3275;91.3075;4095;
5fe6df61-6c55-45f2-a505-d17e8e2a5bc9;2024-02-14T06:36:00Z;91.3075;91.3275;91.3275;91.3075;28;
5fe6df61-6c55-45f2-a505-d17e8e2a5bc9;2024-02-14T06:37:00Z;91.31;91.325;91.3275;91.31;2045;
5fe6df61-6c55-45f2-a505-d17e8e2a5bc9;2024-02-14T06:38:00Z;91.3225;91.3225;91.3225;91.305;117;
5fe6df61-6c55-45f2-a505-d17e8e2a5bc9;2024-02-14T06:39:00Z;91.3225;91.3025;91.3225;91.3025;61;
5fe6df61-6c55-45f2-a505-d17e8e2a5bc9;2024-02-14T06:40:00Z;91.325;91.32;91.325;91.305;1382;
5fe6df61-6c55-45f2-a505-d17e8e2a5bc9;2024-02-14T06:41:00Z;91.305;91.32;91.32;91.305;335;
5fe6df61-6c55-45f2-a505-d17e8e2a5bc9;2024-02-14T06:42:00Z;91.3025;91.3075;91.315;91.3025;162;
5fe6df61-6c55-45f2-a505-d17e8e2a5bc9;2024-02-14T06:43:00Z;91.31;91.3125;91.315;91.3;684;
5fe6df61-6c55-45f2-a505-d17e8e2a5bc9;2024-02-14T06:44:00Z;91.2975;91.3125;91.3125;91.2975;232;
5fe6df61-6c55-45f2-a505-d17e8e2a5bc9;2024-02-14T06:45:00Z;91.3075;91.3125;91.3125;91.3075;1155;
5fe6df61-6c55-45f2-a505-d17e8e2a5bc9;2024-02-14T06:46:00Z;91.3075;91.3075;91.3125;91.2925;223;
5fe6df61-6c55-45f2-a505-d17e8e2a5bc9;2024-02-14T06:47:00Z;91.3075;91.3;91.3075;91.295;725;
5fe6df61-6c55-45f2-a505-d17e8e2a5bc9;2024-02-14T06:48:00Z;91.28;91.2975;91.2975;91.28;719;
5fe6df61-6c55-45f2-a505-d17e8e2a5bc9;2024-02-14T06:49:00Z;91.3;91.2925;91.3;91.2825;205;
5fe6df61-6c55-45f2-a505-d17e8e2a5bc9;2024-02-14T06:50:00Z;91.2925;91.275;91.2925;91.275;1608;
5fe6df61-6c55-45f2-a505-d17e8e2a5bc9;2024-02-14T06:51:00Z;91.29;91.2775;91.295;91.275;629;
5fe6df61-6c55-45f2-a505-d17e8e2a5bc9;2024-02-14T06:52:00Z;91.29;91.31;91.31;91.29;266;
5fe6df61-6c55-45f2-a505-d17e8e2a5bc9;2024-02-14T06:53:00Z;91.295;91.31;91.31;91.2925;126;
5fe6df61-6c55-45f2-a505-d17e8e2a5bc9;2024-02-14T06:54:00Z;91.31;91.3075;91.31;91.29;336;
5fe6df61-6c55-45f2-a505-d17e8e2a5bc9;2024-02-14T06:55:00Z;91.295;91.285;91.3075;91.285;551;
5fe6df61-6c55-45f2-a505-d17e8e2a5bc9;2024-02-14T06:56:00Z;91.2875;91.31;91.31;91.2875;228;
5fe6df61-6c55-45f2-a505-d17e8e2a5bc9;2024-02-14T06:57:00Z;91.295;91.3;91.31;91.295;230;
5fe6df61-6c55-45f2-a505-d17e8e2a5bc9;2024-02-14T06:58:00Z;91.3075;91.2925;91.3075;91.2925;1401;
5fe6df61-6c55-45f2-a505-d17e8e2a5bc9;2024-02-14T06:59:00Z;91.305;91.2975;91.3075;91.2925;578;
5fe6df61-6c55-45f2-a505-d17e8e2a5bc9;2024-02-14T07:00:00Z;91.2975;91.2875;91.2975;91.27;4497;
5fe6df61-6c55-45f2-a505-d17e8e2a5bc9;2024-02-14T07:01:00Z;91.3;91.285;91.3;91.2775;2189;
5fe6df61-6c55-45f2-a505-d17e8e2a5bc9;2024-02-14T07:02:00Z;91.27;91.2925;91.305;91.265;1587;
5fe6df61-6c55-45f2-a505-d17e8e2a5bc9;2024-02-14T07:03:00Z;91.29;91.285;91.31;91.2825;2482;
5fe6df61-6c55-45f2-a505-d17e8e2a5bc9;2024-02-14T07:04:00Z;91.2875;91.275;91.295;91.275;613;
5fe6df61-6c55-45f2-a505-d17e8e2a5bc9;2024-02-14T07:05:00Z;91.2775;91.2975;91.3;91.275;3449;
5fe6df61-6c55-45f2-a505-d17e8e2a5bc9;2024-02-14T07:06:00Z;91.29;91.26;91.29;91.2575;1391;
5fe6df61-6c55-45f2-a505-d17e8e2a5bc9;2024-02-14T07:07:00Z;91.2525;91.2425;91.2725;91.2425;1384;
5fe6df61-6c55-45f2-a505-d17e8e2a5bc9;2024-02-14T07:08:00Z;91.2575;91.2575;91.2625;91.245;12063;
5fe6df61-6c55-45f2-a505-d17e8e2a5bc9;2024-02-14T07:09:00Z;91.25;91.245;91.2575;91.24;901;
5fe6df61-6c55-45f2-a505-d17e8e2a5bc9;2024-02-14T07:10:00Z;91.255;91.2575;91.2612;91.24;1084;
5fe6df61-6c55-45f2-a505-d17e8e2a5bc9;2024-02-14T07:11:00Z;91.2587;91.2625;91.2675;91.245;2637;
5fe6df61-6c55-45f2-a505-d17e8e2a5bc9;2024-02-14T07:12:00Z;91.2525;91.2525;91.275;91.2525;2097;
5fe6df61-6c55-45f2-a505-d17e8e2a5bc9;2024-02-14T07:13:00Z;91.255;91.25;91.2675;91.2375;6758;
5fe6df61-6c55-45f2-a505-d17e8e2a5bc9;2024-02-14T07:14:00Z;91.24;91.275;91.3;91.24;3901;
5fe6df61-6c55-45f2-a505-d17e8e2a5bc9;2024-02-14T07:15:00Z;91.285;91.2575;91.285;91.255;321;
5fe6df61-6c55-45f2-a505-d17e8e2a5bc9;2024-02-14T07:16:00Z;91.28;91.29;91.2987;91.28;28883;
5fe6df61-6c55-45f2-a505-d17e8e2a5bc9;2024-02-14T07:17:00Z;91.3;91.29;91.3;91.2875;264;
5fe6df61-6c55-45f2-a505-d17e8e2a5bc9;2024-02-14T07:18:00Z;91.3;91.305;91.31;91.295;2226;
5fe6df61-6c55-45f2-a505-d17e8e2a5bc9;2024-02-14T07:19:00Z;91.3025;91.29;91.3075;91.28;2048;
5fe6df61-6c55-45f2-a505-d17e8e2a5bc9;2024-02-14T07:20:00Z;91.2875;91.29;91.3;91.2775;2990;
5fe6df61-6c55-45f2-a505-d17e8e2a5bc9;2024-02-14T07:21:00Z;91.29;91.29;91.3025;91.275;702;
5fe6df61-6c55-45f2-a505-d17e8e2a5bc9;2024-02-14T07:22:00Z;91.28;91.2925;91.3;91.2775;1132;
5fe6df61-6c55-45f2-a505-d17e8e2a5bc9;2024-02-14T07:23:00Z;91.2825;91.31;91.31;91.2775;1902;
5fe6df61-6c55-45f2-a505-d17e8e2a5bc9;2024-02-14T07:24:00Z;91.3075;91.32;91.325;91.3075;3261;
5fe6df61-6c55-45f2-a505-d17e8e2a5bc9;2024-02-14T07:25:00Z;91.3225;91.3225;91.33;91.3175;1904;
5fe6df61-6c55-45f2-a505-d17e8e2a5bc9;2024-02-14T07:26:00Z;91.32;91.325;91.325;91.31;562;
5fe6df61-6c55-45f2-a505-d17e8e2a5bc9;2024-02-14T07:27:00Z;91.3412;91.34;91.35;91.325;6383;
5fe6df61-6c55-45f2-a505-d17e8e2a5bc9;2024-02-14T07:28:00Z;91.3337;91.335;91.3475;91.3275;1802;
5fe6df61-6c55-45f2-a505-d17e8e2a5bc9;2024-02-14T07:29:00Z;91.33;91.3175;91.34;91.31;13576;
5fe6df61-6c55-45f2-a505-d17e8e2a5bc9;2024-02-14T07:30:00Z;91.3175;91.32;91.32;91.3175;324;
5fe6df61-6c55-45f2-a505-d17e8e2a5bc9;2024-02-14T07:31:00Z;91.3175;91.32;91.3225;91.3125;364;
5fe6df61-6c55-45f2-a505-d17e8e2a5bc9;2024-02-14T07:32:00Z;91.3125;91.3125;91.32;91.3025;524;
5fe6df61-6c55-45f2-a505-d17e8e2a5bc9;2024-02-14T07:33:00Z;91.3025;91.305;91.32;91.3025;373;
5fe6df61-6c55-45f2-a505-d17e8e2a5bc9;2024-02-14T07:34:00Z;91.3175;91.385;91.385;91.2975;5692;
5fe6df61-6c55-45f2-a505-d17e8e2a5bc9;2024-02-14T07:35:00Z;91.3775;91.4225;91.435;91.22;5016675;
5fe6df61-6c55-45f2-a505-d17e8e2a5bc9;2024-02-14T07:36:00Z;91.4175;91.4;91.4175;91.35;331;
5fe6df61-6c55-45f2-a505-d17e8e2a5bc9;2024-02-14T07:37:00Z;91.3375;91.3925;91.395;91.3375;899;
5fe6df61-6c55-45f2-a505-d17e8e2a5bc9;2024-02-14T07:38:00Z;91.3625;91.45;91.45;91.3625;4172;
5fe6df61-6c55-45f2-a505-d17e8e2a5bc9;2024-02-14T07:39:00Z;91.45;91.45;91.4675;91.41;676;
5fe6df61-6c55-45f2-a505-d17e8e2a5bc9;2024-02-14T07:40:00Z;91.45;91.4525;91.47;91.45;3831;
5fe6df61-6c55-45f2-a505-d17e8e2a5bc9;2024-02-14T07:41:00Z;91.4775;91.4525;91.4825;91.4375;2069;
5fe6df61-6c55-45f2-a505-d17e8e2a5bc9;2024-02-14T07:42:00Z;91.4375;91.32;91.45;91.32;4001024;
5fe6df61-6c55-45f2-a505-d17e8e2a5bc9;2024-02-14T07:43:00Z;91.43;91.42;91.4425;91.42;522;
5fe6df61-6c55-45f2-a505-d17e8e2a5bc9;2024-02-14T07:44:00Z;91.415;91.43;91.445;91.415;2508;
5fe6df61-6c55-45f2-a505-d17e8e2a5bc9;2024-02-14T07:45:00Z;91.4475;91.4325;91.45;91.43;4700;
5fe6df61-6c55-45f2-a505-d17e8e2a5bc9;2024-02-14T07:46:00Z;91.445;91.4325;91.445;91.4325;299;
5fe6df61-6c55-45f2-a505-d17e8e2a5bc9;2024-02-14T07:47:00Z;91.4325;91.44;91.445;91.4325;7410;
5fe6df61-6c55-45f2-a505-d17e8e2a5bc9;2024-02-14T07:48:00Z;91.4325;91.4325;91.44;91.4325;1247;
5fe6df61-6c55-45f2-a505-d17e8e2a5bc9;2024-02-14T07:49:00Z;91.4375;91.4237;91.445;91.4237;181635;
5fe6df61-6c55-45f2-a505-d17e8e2a5bc9;2024-02-14T07:50:00Z;91.4225;91.43;91.435;91.4225;3059;
5fe6df61-6c55-45f2-a505-d17e8e2a5bc9;2024-02-14T07:51:00Z;91.4225;91.41;91.4375;91.41;2166;
5fe6df61-6c55-45f2-a505-d17e8e2a5bc9;2024-02-14T07:52:00Z;91.415;91.4225;91.43;91.415;2227;
5fe6df61-6c55-45f2-a505-d17e8e2a5bc9;2024-02-14T07:53:00Z;91.4288;91.4425;91.4425;91.4288;2775;
5fe6df61-6c55-45f2-a505-d17e8e2a5bc9;2024-02-14T07:54:00Z;91.4425;91.4325;91.445;91.425;2003;
5fe6df61-6c55-45f2-a505-d17e8e2a5bc9;2024-02-14T07:55:00Z;91.445;91.44;91.45;91.435;1350;
5fe6df61-6c55-45f2-a505-d17e8e2a5bc9;2024-02-14T07:56:00Z;91.4475;91.45;91.45;91.4325;3348;
5fe6df61-6c55-45f2-a505-d17e8e2a5bc9;2024-02-14T07:57:00Z;91.44;91.44;91.45;91.435;6694;
5fe6df61-6c55-45f2-a505-d17e8e2a5bc9;2024-02-14T07:58:00Z;91.445;91.45;91.455;91.4425;1906;
5fe6df61-6c55-45f2-a505-d17e8e2a5bc9;2024-02-14T07:59:00Z;91.445;91.445;91.46;91.4425;699;
5fe6df61-6c55-45f2-a505-d17e8e2a5bc9;2024-02-14T08:00:00Z;91.445;91.4475;91.46;91.44;3247;
5fe6df61-6c55-45f2-a505-d17e8e2a5bc9;2024-02-14T08:01:00Z;91.46;91.4625;91.465;91.4475;3665;
5fe6df61-6c55-45f2-a505-d17e8e2a5bc9;2024-02-14T08:02:00Z;91.4625;91.445;91.4625;91.4425;495;
5fe6df61-6c55-45f2-a505-d17e8e2a5bc9;2024-02-14T08:03:00Z;91.445;91.4425;91.4625;91.4425;3683;
5fe6df61-6c55-45f2-a505-d17e8e2a5bc9;2024-02-14T08:04:00Z;91.45;91.45;91.455;91.4325;1394;
5fe6df61-6c55-45f2-a505-d17e8e2a5bc9;2024-02-14T08:05:00Z;91.45;91.435;91.45;91.425;2001804;
5fe6df61-6c55-45f2-a505-d17e8e2a5bc9;2024-02-14T08:06:00Z;91.4225;91.435;91.4575;91.4225;1009;
5fe6df61-6c55-45f2-a505-d17e8e2a5bc9;2024-02-14T08:07:00Z;91.435;91.425;91.435;91.4225;1127;
5fe6df61-6c55-45f2-a505-d17e8e2a5bc9;2024-02-14T08:08:00Z;91.4325;91.4475;91.4525;91.43;304;
5fe6df61-6c55-45f2-a505-d17e8e2a5bc9;2024-02-14T08:09:00Z;91.4325;91.44;91.46;91.4325;2162;
5fe6df61-6c55-45f2-a505-d17e8e2a5bc9;2024-02-14T08:10:00Z;91.455;91.4375;91.455;91.435;1507;
5fe6df61-6c55-45f2-a505-d17e8e2a5bc9;2024-02-14T08:11:00Z;91.4525;91.4325;91.4525;91.43;4198;
5fe6df61-6c55-45f2-a505-d17e8e2a5bc9;2024-02-14T08:12:00Z;91.4325;91.4475;91.4525;91.4325;3216;
5fe6df61-6c55-45f2-a505-d17e8e2a5bc9;2024-02-14T08:13:00Z;91.445;91.435;91.445;91.4275;6104;
5fe6df61-6c55-45f2-a505-d17e8e2a5bc9;2024-02-14T08:14:00Z;91.4275;91.44;91.4475;91.4275;385;
5fe6df61-6c55-45f2-a505-d17e8e2a5bc9;2024-02-14T08:15:00Z;91.4562;91.4625;91.4725;91.45;804;
5fe6df61-6c55-45f2-a505-d17e8e2a5bc9;2024-02-14T08:16:00Z;91.4625;91.47;91.47;91.4425;5985;
5fe6df61-6c55-45f2-a505-d17e8e2a5bc9;2024-02-14T08:17:00Z;91.47;91.4625;91.475;91.455;2699;
5fe6df61-6c55-45f2-a505-d17e8e2a5bc9;2024-02-14T08:18:00Z;91.4675;91.4375;91.4675;91.4375;1279;
5fe6df61-6c55-45f2-a505-d17e8e2a5bc9;2024-02-14T08:19:00Z;91.4425;91.455;91.47;91.44;5446;
5fe6df61-6c55-45f2-a505-d17e8e2a5bc9;2024-02-14T08:20:00Z;91.46;91.46;91.475;91.4575;20001555;
5fe6df61-6c55-45f2-a505-d17e8e2a5bc9;2024-02-14T08:21:00Z;91.465;91.465;91.4775;91.465;1178;
5fe6df61-6c55-45f2-a505-d17e8e2a5bc9;2024-02-14T08:22:00Z;91.46;91.46;91.475;91.455;238;
5fe6df61-6c55-45f2-a505-d17e8e2a5bc9;2024-02-14T08:23:00Z;91.4525;91.465;91.4725;91.4525;1488;
5fe6df61-6c55-45f2-a505-d17e8e2a5bc9;2024-02-14T08:24:00Z;91.4675;91.56;91.56;91.465;68940;
5fe6df61-6c55-45f2-a505-d17e8e2a5bc9;2024-02-14T08:25:00Z;91.565;91.585;91.585;91.5475;9328;
5fe6df61-6c55-45f2-a505-d17e8e2a5bc9;2024-02-14T08:26:00Z;91.57;91.5925;91.6087;91.5675;12798;
5fe6df61-6c55-45f2-a505-d17e8e2a5bc9;2024-02-14T08:27:00Z;91.5925;91.57;91.5925;91.55;2287;
5fe6df61-6c55-45f2-a505-d17e8e2a5bc9;2024-02-14T08:28:00Z;91.57;91.575;91.6;91.5662;2054;
5fe6df61-6c55-45f2-a505-d17e8e2a5bc9;2024-02-14T08:29:00Z;91.5875;91.57;91.5925;91.57;3225;
5fe6df61-6c55-45f2-a505-d17e8e2a5bc9;2024-02-14T08:30:00Z;91.5725;91.5925;91.6075;91.5725;2024;
5fe6df61-6c55-45f2-a505-d17e8e2a5bc9;2024-02-14T08:31:00Z;91.5975;91.5825;91.6025;91.58;1479;
5fe6df61-6c55-45f2-a505-d17e8e2a5bc9;2024-02-14T08:32:00Z;91.5875;91.6;91.6;91.5725;6455;
5fe6df61-6c55-45f2-a505-d17e8e2a5bc9;2024-02-14T08:33:00Z;91.6;91.5975;91.6;91.5725;8595;
5fe6df61-6c55-45f2-a505-d17e8e2a5bc9;2024-02-14T08:34:00Z;91.595;91.59;91.6125;91.58;2328;
5fe6df61-6c55-45f2-a505-d17e8e2a5bc9;2024-02-14T08:35:00Z;91.6025;91.6;91.615;91.6;8852;
5fe6df61-6c55-45f2-a505-d17e8e2a5bc9;2024-02-14T08:36:00Z;91.6;91.6075;91.6125;91.595;2051;
5fe6df61-6c55-45f2-a505-d17e8e2a5bc9;2024-02-14T08:37:00Z;91.5963;91.5925;91.61;91.59;3027;
5fe6df61-6c55-45f2-a505-d17e8e2a5bc9;2024-02-14T08:38:00Z;91.605;91.61;91.61;91.5925;1802;
5fe6df61-6c55-45f2-a505-d17e8e2a5bc9;2024-02-14T08:39:00Z;91.6075;91.5925;91.6075;91.59;1224;
5fe6df61-6c55-45f2-a505-d17e8e2a5bc9;2024-02-14T08:40:00Z;91.595;91.5887;91.595;91.58;619;
5fe6df61-6c55-45f2-a505-d17e8e2a5bc9;2024-02-14T08:41:00Z;91.59;91.5837;91.5925;91.575;7613;
5fe6df61-6c55-45f2-a505-d17e8e2a5bc9;2024-02-14T08:42:00Z;91.5775;91.5725;91.5875;91.565;5875;
5fe6df61-6c55-45f2-a505-d17e8e2a5bc9;2024-02-14T08:43:00Z;91.5825;91.58;91.5875;91.565;20428;
5fe6df61-6c55-45f2-a505-d17e8e2a5bc9;2024-02-14T08:44:00Z;91.585;91.555;91.585;91.555;1123;
5fe6df61-6c55-45f2-a505-d17e8e2a5bc9;2024-02-14T08:45:00Z;91.56;91.5575;91.57;91.535;3376;
5fe6df61-6c55-45f2-a505-d17e8e2a5bc9;2024-02-14T08:46:00Z;91.56;91.55;91.57;91.545;5393;
5fe6df61-6c55-45f2-a505-d17e8e2a5bc9;2024-02-14T08:47:00Z;91.55;91.5675;91.5775;90.87;11574;
5fe6df61-6c55-45f2-a505-d17e8e2a5bc9;2024-02-14T08:48:00Z;91.5525;91.55;91.57;91.5;686;
5fe6df61-6c55-45f2-a505-d17e8e2a5bc9;2024-02-14T08:49:00Z;91.555;91.55;91.5725;91.55;2246;
5fe6df61-6c55-45f2-a505-d17e8e2a5bc9;2024-02-14T08:50:00Z;91.545;91.5275;91.56;91.5275;317;
5fe6df61-6c55-45f2-a505-d17e8e2a5bc9;2024-02-14T08:51:00Z;91.54;91.5225;91.545;91.5225;2816;
5fe6df61-6c55-45f2-a505-d17e8e2a5bc9;2024-02-14T08:52:00Z;91.525;91.51;91.5275;91.5;2340;
5fe6df61-6c55-45f2-a505-d17e8e2a5bc9;2024-02-14T08:53:00Z;91.51;91.505;91.515;91.5;757;
5fe6df61-6c55-45f2-a505-d17e8e2a5bc9;2024-02-14T08:54:00Z;91.5075;91.5025;91.51;91.5;781;
5fe6df61-6c55-45f2-a505-d17e8e2a5bc9;2024-02-14T08:55:00Z;91.5175;91.5425;91.5425;91.505;645;
5fe6df61-6c55-45f2-a505-d17e8e2a5bc9;2024-02-14T08:56:00Z;91.5325;91.51;91.5375;91.5088;2844;
5fe6df61-6c55-45f2-a505-d17e8e2a5bc9;2024-02-14T08:57:00Z;91.515;91.515;91.5225;91.5025;366;
5fe6df61-6c55-45f2-a505-d17e8e2a5bc9;2024-02-14T08:58:00Z;91.5075;91.515;91.53;91.505;2355;
5fe6df61-6c55-45f2-a505-d17e8e2a5bc9;2024-02-14T08:59:00Z;91.5225;91.515;91.525;91.5025;288;
5fe6df61-6c55-45f2-a505-d17e8e2a5bc9;2024-02-14T09:00:00Z;91.5137;91.51;91.5225;91.5025;1334;
5fe6df61-6c55-45f2-a505-d17e8e2a5bc9;2024-02-14T09:01:00Z;91.52;91.52;91.5375;91.5125;1011;
5fe6df61-6c55-45f2-a505-d17e8e2a5bc9;2024-02-14T09:02:00Z;91.52;91.5275;91.5325;91.51;4056;
5fe6df61-6c55-45f2-a505-d17e8e2a5bc9;2024-02-14T09:03:00Z;91.5275;91.5125;91.53;91.51;3206;
5fe6df61-6c55-45f2-a505-d17e8e2a5bc9;2024-02-14T09:04:00Z;91.5125;91.5125;91.525;91.51;2402;
5fe6df61-6c55-45f2-a505-d17e8e2a5bc9;2024-02-14T09:05:00Z;91.5175;91.5;91.5175;91.5;943;
5fe6df61-6c55-45f2-a505-d17e8e2a5bc9;2024-02-14T09:06:00Z;91.51;91.5125;91.52;91.505;662;
5fe6df61-6c55-45f2-a505-d17e8e2a5bc9;2024-02-14T09:07:00Z;91.52;91.5062;91.52;91.505;2204;
5fe6df61-6c55-45f2-a505-d17e8e2a5bc9;2024-02-14T09:08:00Z;91.505;91.52;91.5275;91.505;6237;
5fe6df61-6c55-45f2-a505-d17e8e2a5bc9;2024-02-14T09:09:00Z;91.52;91.52;91.53;91.51;282;
5fe6df61-6c55-45f2-a505-d17e8e2a5bc9;2024-02-14T09:10:00Z;91.51;91.515;91.5175;91.5075;1558;
5fe6df61-6c55-45f2-a505-d17e8e2a5bc9;2024-02-14T09:11:00Z;91.515;91.51;91.52;91.51;1187;
5fe6df61-6c55-45f2-a505-d17e8e2a5bc9;2024-02-14T09:12:00Z;91.5175;91.51;91.52;91.505;685;
5fe6df61-6c55-45f2-a505-d17e8e2a5bc9;2024-02-14T09:13:00Z;91.5225;91.51;91.5225;91.51;489;
5fe6df61-6c55-45f2-a505-d17e8e2a5bc9;2024-02-14T09:14:00Z;91.51;91.5025;91.5225;91.5025;437;
5fe6df61-6c55-45f2-a505-d17e8e2a5bc9;2024-02-14T09:15:00Z;91.5175;91.51;91.55;91.51;1544493;
5fe6df61-6c55-45f2-a505-d17e8e2a5bc9;2024-02-14T09:16:00Z;91.5175;91.5;91.52;91.5;784;
5fe6df61-6c55-45f2-a505-d17e8e2a5bc9;2024-02-14T09:17:00Z;91.5;91.48;91.51;91.47;7490;
5fe6df61-6c55-45f2-a505-d17e8e2a5bc9;2024-02-14T09:18:00Z;91.47;91.505;91.505;91.47;656;
5fe6df61-6c55-45f2-a505-d17e8e2a5bc9;2024-02-14T09:19:00Z;91.505;91.495;91.5125;91.495;1273;
5fe6df61-6c55-45f2-a505-d17e8e2a5bc9;2024-02-14T09:20:00Z;91.4925;91.47;91.5075;91.47;1130;
5fe6df61-6c55-45f2-a505-d17e8e2a5bc9;2024-02-14T09:21:00Z;91.4925;91.5025;91.505;91.48;4167;
5fe6df61-6c55-45f2-a505-d17e8e2a5bc9;2024-02-14T09:22:00Z;91.4925;91.5012;91.51;91.49;268;
5fe6df61-6c55-45f2-a505-d17e8e2a5bc9;2024-02-14T09:23:00Z;91.49;91.4975;91.5;91.4825;1894;
5fe6df61-6c55-45f2-a505-d17e8e2a5bc9;2024-02-14T09:24:00Z;91.495;91.4987;91.515;91.4875;5760;
5fe6df61-6c55-45f2-a505-d17e8e2a5bc9;2024-02-14T09:25:00Z;91.49;91.4775;91.4925;91.4775;1037;
5fe6df61-6c55-45f2-a505-d17e8e2a5bc9;2024-02-14T09:26:00Z;91.4875;91.48;91.4875;91.4775;11375;
5fe6df61-6c55-45f2-a505-d17e8e2a5bc9;2024-02-14T09:27:00Z;91.4875;91.49;91.505;91.4775;2583;
5fe6df61-6c55-45f2-a505-d17e8e2a5bc9;2024-02-14T09:28:00Z;91.49;91.505;91.5175;91.4775;838;
5fe6df61-6c55-45f2-a505-d17e8e2a5bc9;2024-02-14T09:29:00Z;91.515;91.4875;91.5175;91.475;2387;
5fe6df61-6c55-45f2-a505-d17e8e2a5bc9;2024-02-14T09:30:00Z;91.4875;91.465;91.4875;91.46;4163;
5fe6df61-6c55-45f2-a505-d17e8e2a5bc9;2024-02-14T09:31:00Z;91.4675;91.465;91.4725;91.46;744;
5fe6df61-6c55-45f2-a505-d17e8e2a5bc9;2024-02-14T09:32:00Z;91.4625;91.465;91.4775;91.46;2287;
5fe6df61-6c55-45f2-a505-d17e8e2a5bc9;2024-02-14T09:33:00Z;91.46;91.4675;91.4675;91.46;249;
5fe6df61-6c55-45f2-a505-d17e8e2a5bc9;2024-02-14T09:34:00Z;91.4725;91.4725;91.4725;91.465;661;
5fe6df61-6c55-45f2-a505-d17e8e2a5bc9;2024-02-14T09:35:00Z;91.4625;91.4625;91.4725;91.46;2317;
5fe6df61-6c55-45f2-a505-d17e8e2a5bc9;2024-02-14T09:36:00Z;91.4725;91.4763;91.4925;91.465;2615;
5fe6df61-6c55-45f2-a505-d17e8e2a5bc9;2024-02-14T09:37:00Z;91.485;91.4875;91.4875;91.4625;1093;
5fe6df61-6c55-45f2-a505-d17e8e2a5bc9;2024-02-14T09:38:00Z;91.4725;91.4825;91.5;91.4675;15900;
5fe6df61-6c55-45f2-a505-d17e8e2a5bc9;2024-02-14T09:39:00Z;91.48;91.4725;91.4875;91.4725;1398;
5fe6df61-6c55-45f2-a505-d17e8e2a5bc9;2024-02-14T09:40:00Z;91.4825;91.465;91.4875;91.465;14963;
5fe6df61-6c55-45f2-a505-d17e8e2a5bc9;2024-02-14T09:41:00Z;91.4725;91.475;91.49;91.4725;43041;
5fe6df61-6c55-45f2-a505-d17e8e2a5bc9;2024-02-14T09:42:00Z;91.47;91.485;91.4975;91.47;791;
5fe6df61-6c55-45f2-a505-d17e8e2a5bc9;2024-02-14T09:43:00Z;91.4812;91.475;91.485;91.465;529;
5fe6df61-6c55-45f2-a505-d17e8e2a5bc9;2024-02-14T09:44:00Z;91.47;91.455;91.47;91.455;898;
5fe6df61-6c55-45f2-a505-d17e8e2a5bc9;2024-02-14T09:45:00Z;91.46;91.4325;91.46;91.425;1364;
5fe6df61-6c55-45f2-a505-d17e8e2a5bc9;2024-02-14T09:46:00Z;91.4325;91.4375;91.445;91.4212;1658;
5fe6df61-6c55-45f2-a505-d17e8e2a5bc9;2024-02-14T09:47:00Z;91.45;91.44;91.45;91.4325;444;
5fe6df61-6c55-45f2-a505-d17e8e2a5bc9;2024-02-14T09:48:00Z;91.44;91.455;91.455;91.4325;1519;
5fe6df61-6c55-45f2-a505-d17e8e2a5bc9;2024-02-14T09:49:00Z;91.4525;91.435;91.4525;91.4263;380;
5fe6df61-6c55-45f2-a505-d17e8e2a5bc9;2024-02-14T09:50:00Z;91.425;91.435;91.435;91.4225;1304;
5fe6df61-6c55-45f2-a505-d17e8e2a5bc9;2024-02-14T09:51:00Z;91.425;91.435;91.435;91.42;3899;
5fe6df61-6c55-45f2-a505-d17e8e2a5bc9;2024-02-14T09:52:00Z;91.435;91.43;91.435;91.4225;328;
5fe6df61-6c55-45f2-a505-d17e8e2a5bc9;2024-02-14T09:53:00Z;91.425;91.43;91.43;91.4175;623;
5fe6df61-6c55-45f2-a505-d17e8e2a5bc9;2024-02-14T09:54:00Z;91.43;91.43;91.435;91.4175;1387;
5fe6df61-6c55-45f2-a505-d17e8e2a5bc9;2024-02-14T09:55:00Z;91.43;91.43;91.435;91.42;14558;
5fe6df61-6c55-45f2-a505-d17e8e2a5bc9;2024-02-14T09:56:00Z;91.4325;91.4325;91.4325;91.43;339;
5fe6df61-6c55-45f2-a505-d17e8e2a5bc9;2024-02-14T09:57:00Z;91.43;91.4325;91.435;91.43;2005;
5fe6df61-6c55-45f2-a505-d17e8e2a5bc9;2024-02-14T09:58:00Z;91.43;91.4325;91.4325;91.43;913;
5fe6df61-6c55-45f2-a505-d17e8e2a5bc9;2024-02-14T09:59:00Z;91.43;91.425;91.4325;91.42;1552;
5fe6df61-6c55-45f2-a505-d17e8e2a5bc9;2024-02-14T10:00:00Z;91.4225;91.43;91.4325;91.415;3967;
5fe6df61-6c55-45f2-a505-d17e8e2a5bc9;2024-02-14T10:01:00Z;91.43;91.4325;91.4375;91.42;798;
5fe6df61-6c55-45f2-a505-d17e8e2a5bc9;2024-02-14T10:02:00Z;91.4325;91.43;91.4325;91.4275;819;
5fe6df61-6c55-45f2-a505-d17e8e2a5bc9;2024-02-14T10:03:00Z;91.43;91.4325;91.4325;91.43;3642;
5fe6df61-6c55-45f2-a505-d17e8e2a5bc9;2024-02-14T10:04:00Z;91.4325;91.43;91.4325;91.4275;1383;
5fe6df61-6c55-45f2-a505-d17e8e2a5bc9;2024-02-14T10:05:00Z;91.43;91.42;91.435;91.42;2531;
5fe6df61-6c55-45f2-a505-d17e8e2a5bc9;2024-02-14T10:06:00Z;91.4275;91.4275;91.43;91.42;2187;
5fe6df61-6c55-45f2-a505-d17e8e2a5bc9;2024-02-14T10:07:00Z;91.4225;91.42;91.4275;91.4175;6300;
5fe6df61-6c55-45f2-a505-d17e8e2a5bc9;2024-02-14T10:08:00Z;91.4175;91.42;91.4275;91.4175;18698;
5fe6df61-6c55-45f2-a505-d17e8e2a5bc9;2024-02-14T10:09:00Z;91.42;91.425;91.425;91.42;53537;
5fe6df61-6c55-45f2-a505-d17e8e2a5bc9;2024-02-14T10:10:00Z;91.42;91.4075;91.425;91.405;6729;
5fe6df61-6c55-45f2-a505-d17e8e2a5bc9;2024-02-14T10:11:00Z;91.41;91.4075;91.42;91.405;7434;
5fe6df61-6c55-45f2-a505-d17e8e2a5bc9;2024-02-14T10:12:00Z;91.4025;91.4025;91.41;91.4;798;
5fe6df61-6c55-45f2-a505-d17e8e2a5bc9;2024-02-14T10:13:00Z;91.4;91.4;91.405;91.4;6044;
5fe6df61-6c55-45f2-a505-d17e8e2a5bc9;2024-02-14T10:14:00Z;91.4025;91.38;91.405;91.3787;5047;
5fe6df61-6c55-45f2-a505-d17e8e2a5bc9;2024-02-14T10:15:00Z;91.385;91.365;91.385;91.36;1004;
5fe6df61-6c55-45f2-a505-d17e8e2a5bc9;2024-02-14T10:16:00Z;91.3575;91.365;91.46;91.3525;3002467;
5fe6df61-6c55-45f2-a505-d17e8e2a5bc9;2024-02-14T10:17:00Z;91.365;91.3425;91.365;91.3425;6280;
5fe6df61-6c55-45f2-a505-d17e8e2a5bc9;2024-02-14T10:18:00Z;91.35;91.3425;91.365;91.3425;1501;
5fe6df61-6c55-45f2-a505-d17e8e2a5bc9;2024-02-14T10:19:00Z;91.355;91.34;91.355;91.3375;2451;
5fe6df61-6c55-45f2-a505-d17e8e2a5bc9;2024-02-14T10:20:00Z;91.345;91.3625;91.37;91.335;5132;
5fe6df61-6c55-45f2-a505-d17e8e2a5bc9;2024-02-14T10:21:00Z;91.3575;91.3525;91.365;91.3425;945;
5fe6df61-6c55-45f2-a505-d17e8e2a5bc9;2024-02-14T10:22:00Z;91.3325;91.34;91.355;91.325;417;
5fe6df61-6c55-45f2-a505-d17e8e2a5bc9;2024-02-14T10:23:00Z;91.34;91.3125;91.34;91.3125;1679;
5fe6df61-6c55-45f2-a505-d17e8e2a5bc9;2024-02-14T10:24:00Z;91.325;91.355;91.355;91.325;1660;
5fe6df61-6c55-45f2-a505-d17e8e2a5bc9;2024-02-14T10:25:00Z;91.34;91.3525;91.355;91.3175;1102;
5fe6df61-6c55-45f2-a505-d17e8e2a5bc9;2024-02-14T10:26:00Z;91.3375;91.34;91.345;91.3125;843;
5fe6df61-6c55-45f2-a505-d17e8e2a5bc9;2024-02-14T10:27:00Z;91.355;91.365;91.3775;91.345;949;
5fe6df61-6c55-45f2-a505-d17e8e2a5bc9;2024-02-14T10:28:00Z;91.3625;91.37;91.3875;91.3625;140;
5fe6df61-6c55-45f2-a505-d17e8e2a5bc9;2024-02-14T10:29:00Z;91.375;91.3725;91.375;91.3575;3594;
5fe6df61-6c55-45f2-a505-d17e8e2a5bc9;2024-02-14T10:30:00Z;91.36;91.375;91.375;91.3575;2429;
5fe6df61-6c55-45f2-a505-d17e8e2a5bc9;2024-02-14T10:31:00Z;91.3638;91.38;91.39;91.3638;25000485;
5fe6df61-6c55-45f2-a505-d17e8e2a5bc9;2024-02-14T10:32:00Z;91.395;91.385;91.3975;91.37;1070;
5fe6df61-6c55-45f2-a505-d17e8e2a5bc9;2024-02-14T10:33:00Z;91.37;91.39;91.39;91.37;1303;
5fe6df61-6c55-45f2-a505-d17e8e2a5bc9;2024-02-14T10:34:00Z;91.3775;91.3975;91.4;91.3775;2681;
5fe6df61-6c55-45f2-a505-d17e8e2a5bc9;2024-02-14T10:35:00Z;91.385;91.385;91.3975;91.385;2942;
5fe6df61-6c55-45f2-a505-d17e8e2a5bc9;2024-02-14T10:36:00Z;91.3875;91.59;91.59;91.3875;701106;
5fe6df61-6c55-45f2-a505-d17e8e2a5bc9;2024-02-14T10:37:00Z;91.395;91.3975;91.5975;91.3825;300320;
5fe6df61-6c55-45f2-a505-d17e8e2a5bc9;2024-02-14T10:38:00Z;91.37;91.375;91.3975;91.37;477;
5fe6df61-6c55-45f2-a505-d17e8e2a5bc9;2024-02-14T10:39:00Z;91.375;91.38;91.39;91.375;603;
5fe6df61-6c55-45f2-a505-d17e8e2a5bc9;2024-02-14T10:40:00Z;91.38;91.3925;91.4;91.3775;7176;
5fe6df61-6c55-45f2-a505-d17e8e2a5bc9;2024-02-14T10:41:00Z;91.3975;91.4;91.4;91.39;1371;
5fe6df61-6c55-45f2-a505-d17e8e2a5bc9;2024-02-14T10:42:00Z;91.4;91.43;91.43;91.4;786;
5fe6df61-6c55-45f2-a505-d17e8e2a5bc9;2024-02-14T10:43:00Z;91.43;91.4275;91.4375;91.42;1229;
5fe6df61-6c55-45f2-a505-d17e8e2a5bc9;2024-02-14T10:44:00Z;91.43;91.42;91.435;91.4125;1314;
5fe6df61-6c55-45f2-a505-d17e8e2a5bc9;2024-02-14T10:45:00Z;91.4312;91.43;91.4375;91.4175;4501;
5fe6df61-6c55-45f2-a505-d17e8e2a5bc9;2024-02-14T10:46:00Z;91.4325;91.4225;91.4325;91.42;84;
5fe6df61-6c55-45f2-a505-d17e8e2a5bc9;2024-02-14T10:47:00Z;91.4375;91.4175;91.4375;91.415;500;
5fe6df61-6c55-45f2-a505-d17e8e2a5bc9;2024-02-14T10:48:00Z;91.415;91.4375;91.44;91.415;670;
5fe6df61-6c55-45f2-a505-d17e8e2a5bc9;2024-02-14T10:49:00Z;91.4225;91.4575;91.4575;91.4225;113;
5fe6df61-6c55-45f2-a505-d17e8e2a5bc9;2024-02-14T10:50:00Z;91.4575;91.445;91.4575;91.44;789;
5fe6df61-6c55-45f2-a505-d17e8e2a5bc9;2024-02-14T10:51:00Z;91.44;91.4525;91.4525;91.435;1494;
5fe6df61-6c55-45f2-a505-d17e8e2a5bc9;2024-02-14T10:52:00Z;91.455;91.455;91.46;91.445;1337;
5fe6df61-6c55-45f2-a505-d17e8e2a5bc9;2024-02-14T10:53:00Z;91.445;91.4375;91.4575;91.435;1591;
5fe6df61-6c55-45f2-a505-d17e8e2a5bc9;2024-02-14T10:54:00Z;91.4525;91.4525;91.4525;91.44;1954;
5fe6df61-6c55-45f2-a505-d17e8e2a5bc9;2024-02-14T10:55:00Z;91.44;91.4375;91.455;91.42;3583;
5fe6df61-6c55-45f2-a505-d17e8e2a5bc9;2024-02-14T10:56:00Z;91.4375;91.43;91.445;91.4225;1158;
5fe6df61-6c55-45f2-a505-d17e8e2a5bc9;2024-02-14T10:57:00Z;91.4375;91.44;91.4425;91.425;1492;
5fe6df61-6c55-45f2-a505-d17e8e2a5bc9;2024-02-14T10:58:00Z;91.4275;91.455;91.455;91.425;1382;
5fe6df61-6c55-45f2-a505-d17e8e2a5bc9;2024-02-14T10:59:00Z;91.4425;91.445;91.455;91.435;855;
5fe6df61-6c55-45f2-a505-d17e8e2a5bc9;2024-02-14T11:00:00Z;91.4525;91.4125;91.4525;91.41;909;
5fe6df61-6c55-45f2-a505-d17e8e2a5bc9;2024-02-14T11:01:00Z;91.4125;91.4125;91.43;91.4025;1538;
5fe6df61-6c55-45f2-a505-d17e8e2a5bc9;2024-02-14T11:02:00Z;91.4125;91.4;91.4225;91.39;2367;
5fe6df61-6c55-45f2-a505-d17e8e2a5bc9;2024-02-14T11:03:00Z;91.385;91.4075;91.4225;91.385;149;
5fe6df61-6c55-45f2-a505-d17e8e2a5bc9;2024-02-14T11:04:00Z;91.4025;91.4175;91.4275;91.4025;11083;
5fe6df61-6c55-45f2-a505-d17e8e2a5bc9;2024-02-14T11:05:00Z;91.4325;91.4275;91.4325;91.4075;203;
5fe6df61-6c55-45f2-a505-d17e8e2a5bc9;2024-02-14T11:06:00Z;91.4275;91.4225;91.43;91.4175;700;
5fe6df61-6c55-45f2-a505-d17e8e2a5bc9;2024-02-14T11:07:00Z;91.43;91.4475;91.4475;91.4275;205;
5fe6df61-6c55-45f2-a505-d17e8e2a5bc9;2024-02-14T11:08:00Z;91.435;91.435;91.45;91.43;4057;
5fe6df61-6c55-45f2-a505-d17e8e2a5bc9;2024-02-14T11:09:00Z;91.455;91.45;91.455;91.44;606;
5fe6df61-6c55-45f2-a505-d17e8e2a5bc9;2024-02-14T11:10:00Z;91.45;91.44;91.45;91.435;564;
5fe6df61-6c55-45f2-a505-d17e8e2a5bc9;2024-02-14T11:11:00Z;91.4475;91.46;91.46;91.4375;739;
5fe6df61-6c55-45f2-a505-d17e8e2a5bc9;2024-02-14T11:12:00Z;91.445;91.4525;91.46;91.4375;3613;
5fe6df61-6c55-45f2-a505-d17e8e2a5bc9;2024-02-14T11:13:00Z;91.455;91.44;91.455;91.4375;121;
5fe6df61-6c55-45f2-a505-d17e8e2a5bc9;2024-02-14T11:14:00Z;91.455;91.4512;91.46;91.44;9880;
5fe6df61-6c55-45f2-a505-d17e8e2a5bc9;2024-02-14T11:15:00Z;91.46;91.46;91.46;91.4525;18999;
5fe6df61-6c55-45f2-a505-d17e8e2a5bc9;2024-02-14T11:16:00Z;91.455;91.4575;91.4575;91.4475;1351;
5fe6df61-6c55-45f2-a505-d17e8e2a5bc9;2024-02-14T11:17:00Z;91.4475;91.4575;91.46;91.4475;1132;
5fe6df61-6c55-45f2-a505-d17e8e2a5bc9;2024-02-14T11:18:00Z;91.4575;91.46;91.46;91.4475;15769;
5fe6df61-6c55-45f2-a505-d17e8e2a5bc9;2024-02-14T11:19:00Z;91.4525;91.455;91.46;91.4525;1145;
5fe6df61-6c55-45f2-a505-d17e8e2a5bc9;2024-02-14T11:20:00Z;91.46;91.4575;91.47;91.4525;223;
5fe6df61-6c55-45f2-a505-d17e8e2a5bc9;2024-02-14T11:21:00Z;91.4675;91.4575;91.47;91.4575;3047;
5fe6df61-6c55-45f2-a505-d17e8e2a5bc9;2024-02-14T11:22:00Z;91.4675;91.46;91.47;91.46;646;
5fe6df61-6c55-45f2-a505-d17e8e2a5bc9;2024-02-14T11:23:00Z;91.4525;91.47;91.47;91.45;1425;
5fe6df61-6c55-45f2-a505-d17e8e2a5bc9;2024-02-14T11:24:00Z;91.495;91.4925;91.5;91.47;2591;
5fe6df61-6c55-45f2-a505-d17e8e2a5bc9;2024-02-14T11:25:00Z;91.5;91.4925;91.51;91.4925;2355;
5fe6df61-6c55-45f2-a505-d17e8e2a5bc9;2024-02-14T11:26:00Z;91.505;91.48;91.505;91.48;1190;
5fe6df61-6c55-45f2-a505-d17e8e2a5bc9;2024-02-14T11:27:00Z;91.5;91.4975;91.5;91.485;1092;
5fe6df61-6c55-45f2-a505-d17e8e2a5bc9;2024-02-14T11:28:00Z;91.49;91.4825;91.4975;91.48;7028;
5fe6df61-6c55-45f2-a505-d17e8e2a5bc9;2024-02-14T11:29:00Z;91.48;91.49;91.495;91.475;766;
5fe6df61-6c55-45f2-a505-d17e8e2a5bc9;2024-02-14T11:30:00Z;91.4825;91.5075;91.5125;91.4825;1308;
5fe6df61-6c55-45f2-a505-d17e8e2a5bc9;2024-02-14T11:31:00Z;91.495;91.47;91.51;91.46;88;
5fe6df61-6c55-45f2-a505-d17e8e2a5bc9;2024-02-14T11:32:00Z;91.47;91.51;91.51;91.44;1236;
5fe6df61-6c55-45f2-a505-d17e8e2a5bc9;2024-02-14T11:33:00Z;91.485;91.4875;91.49;91.4675;270;
5fe6df61-6c55-45f2-a505-d17e8e2a5bc9;2024-02-14T11:34:00Z;91.485;91.4575;91.4875;91.4575;3356;
5fe6df61-6c55-45f2-a505-d17e8e2a5bc9;2024-02-14T11:35:00Z;91.4725;91.4525;91.4725;91.4525;6053;
5fe6df61-6c55-45f2-a505-d17e8e2a5bc9;2024-02-14T11:36:00Z;91.455;91.445;91.46;91.4412;4850;
5fe6df61-6c55-45f2-a505-d17e8e2a5bc9;2024-02-14T11:37:00Z;91.435;91.4475;91.4525;91.435;1780;
5fe6df61-6c55-45f2-a505-d17e8e2a5bc9;2024-02-14T11:38:00Z;91.455;91.445;91.4575;91.44;155;
5fe6df61-6c55-45f2-a505-d17e8e2a5bc9;2024-02-14T11:39:00Z;91.4325;91.4275;91.445;91.4275;825;
5fe6df61-6c55-45f2-a505-d17e8e2a5bc9;2024-02-14T11:40:00Z;91.435;91.4375;91.4375;91.4275;1738;
5fe6df61-6c55-45f2-a505-d17e8e2a5bc9;2024-02-14T11:41:00Z;91.4275;91.4325;91.4325;91.4275;4490;
5fe6df61-6c55-45f2-a505-d17e8e2a5bc9;2024-02-14T11:42:00Z;91.43;91.4325;91.4325;91.4275;565;
5fe6df61-6c55-45f2-a505-d17e8e2a5bc9;2024-02-14T11:43:00Z;91.4325;91.4275;91.435;91.4275;163;
5fe6df61-6c55-45f2-a505-d17e8e2a5bc9;2024-02-14T11:44:00Z;91.43;91.44;91.445;91.4275;957;
5fe6df61-6c55-45f2-a505-d17e8e2a5bc9;2024-02-14T11:45:00Z;91.445;91.43;91.445;91.4275;611;
5fe6df61-6c55-45f2-a505-d17e8e2a5bc9;2024-02-14T11:46:00Z;91.4325;91.44;91.44;91.4275;1404;
5fe6df61-6c55-45f2-a505-d17e8e2a5bc9;2024-02-14T11:47:00Z;91.44;91.4225;91.4425;91.4225;1921;
5fe6df61-6c55-45f2-a505-d17e8e2a5bc9;2024-02-14T11:48:00Z;91.41;91.4325;91.435;91.41;848;
5fe6df61-6c55-45f2-a505-d17e8e2a5bc9;2024-02-14T11:49:00Z;91.41;91.4275;91.4275;91.4025;1439;
5fe6df61-6c55-45f2-a505-d17e8e2a5bc9;2024-02-14T11:50:00Z;91.43;91.4225;91.4425;91.4075;1483;
5fe6df61-6c55-45f2-a505-d17e8e2a5bc9;2024-02-14T11:51:00Z;91.4175;91.4;91.4325;91.4;2619;
5fe6df61-6c55-45f2-a505-d17e8e2a5bc9;2024-02-14T11:52:00Z;91.3975;91.435;91.435;91.3975;994;
5fe6df61-6c55-45f2-a505-d17e8e2a5bc9;2024-02-14T11:53:00Z;91.43;91.4125;91.4375;91.4125;552;
5fe6df61-6c55-45f2-a505-d17e8e2a5bc9;2024-02-14T11:54:00Z;91.4;91.385;91.425;91.3725;1508;
5fe6df61-6c55-45f2-a505-d17e8e2a5bc9;2024-02-14T11:55:00Z;91.415;91.4325;91.4325;91.415;139;
5fe6df61-6c55-45f2-a505-d17e8e2a5bc9;2024-02-14T11:56:00Z;91.43;91.41;91.44;91.41;2171;
5fe6df61-6c55-45f2-a505-d17e8e2a5bc9;2024-02-14T11:57:00Z;91.4125;91.4275;91.4488;91.4125;258;
5fe6df61-6c55-45f2-a505-d17e8e2a5bc9;2024-02-14T11:58:00Z;91.4425;91.4225;91.445;91.4225;247;
5fe6df61-6c55-45f2-a505-d17e8e2a5bc9;2024-02-14T11:59:00Z;91.4225;91.43;91.445;91.415;5113;
5fe6df61-6c55-45f2-a505-d17e8e2a5bc9;2024-02-14T12:00:00Z;91.4475;91.45;91.4675;91.4325;1291;
5fe6df61-6c55-45f2-a505-d17e8e2a5bc9;2024-02-14T12:01:00Z;91.45;91.455;91.4575;91.44;1161;
5fe6df61-6c55-45f2-a505-d17e8e2a5bc9;2024-02-14T12:02:00Z;91.455;91.465;91.465;91.445;1798;
5fe6df61-6c55-45f2-a505-d17e8e2a5bc9;2024-02-14T12:03:00Z;91.4475;91.4425;91.455;91.44;1991;
5fe6df61-6c55-45f2-a505-d17e8e2a5bc9;2024-02-14T12:04:00Z;91.445;91.44;91.455;91.4225;2148;
5fe6df61-6c55-45f2-a505-d17e8e2a5bc9;2024-02-14T12:05:00Z;91.435;91.425;91.44;91.4225;303;
5fe6df61-6c55-45f2-a505-d17e8e2a5bc9;2024-02-14T12:06:00Z;91.4325;91.425;91.4375;91.4175;2223;
5fe6df61-6c55-45f2-a505-d17e8e2a5bc9;2024-02-14T12:07:00Z;91.4175;91.42;91.425;91.4025;1982;
5fe6df61-6c55-45f2-a505-d17e8e2a5bc9;2024-02-14T12:08:00Z;91.44;91.445;91.445;91.4375;5530;
5fe6df61-6c55-45f2-a505-d17e8e2a5bc9;2024-02-14T12:09:00Z;91.4375;91.4425;91.445;91.4275;767;
5fe6df61-6c55-45f2-a505-d17e8e2a5bc9;2024-02-14T12:10:00Z;91.4275;91.45;91.45;91.4275;842;
5fe6df61-6c55-45f2-a505-d17e8e2a5bc9;2024-02-14T12:11:00Z;91.4375;91.44;91.445;91.43;386;
5fe6df61-6c55-45f2-a505-d17e8e2a5bc9;2024-02-14T12:12:00Z;91.435;91.4475;91.4475;91.4275;738;
5fe6df61-6c55-45f2-a505-d17e8e2a5bc9;2024-02-14T12:13:00Z;91.4475;91.4475;91.45;91.435;1861;
5fe6df61-6c55-45f2-a505-d17e8e2a5bc9;2024-02-14T12:14:00Z;91.4475;91.44;91.45;91.4312;2639;
5fe6df61-6c55-45f2-a505-d17e8e2a5bc9;2024-02-14T12:15:00Z;91.43;91.4275;91.43;91.405;564;
5fe6df61-6c55-45f2-a505-d17e8e2a5bc9;2024-02-14T12:16:00Z;91.4275;91.4275;91.43;91.42;289;
5fe6df61-6c55-45f2-a505-d17e8e2a5bc9;2024-02-14T12:17:00Z;91.42;91.4325;91.4425;91.42;1575;
5fe6df61-6c55-45f2-a505-d17e8e2a5bc9;2024-02-14T12:18:00Z;91.435;91.4425;91.45;91.435;486;
5fe6df61-6c55-45f2-a505-d17e8e2a5bc9;2024-02-14T12:19:00Z;91.45;91.44;91.45;91.44;923;
5fe6df61-6c55-45f2-a505-d17e8e2a5bc9;2024-02-14T12:20:00Z;91.435;91.4325;91.445;91.43;252;
5fe6df61-6c55-45f2-a505-d17e8e2a5bc9;2024-02-14T12:21:00Z;91.43;91.4275;91.445;91.42;173;
5fe6df61-6c55-45f2-a505-d17e8e2a5bc9;2024-02-14T12:22:00Z;91.425;91.425;91.4275;91.4125;320;
5fe6df61-6c55-45f2-a505-d17e8e2a5bc9;2024-02-14T12:23:00Z;91.41;91.4075;91.4125;91.4;443;
5fe6df61-6c55-45f2-a505-d17e8e2a5bc9;2024-02-14T12:24:00Z;91.4025;91.4175;91.4225;91.4025;789;
5fe6df61-6c55-45f2-a505-d17e8e2a5bc9;2024-02-14T12:25:00Z;91.4;91.3977;91.41;91.3977;742;
5fe6df61-6c55-45f2-a505-d17e8e2a5bc9;2024-02-14T12:26:00Z;91.4025;91.42;91.4225;91.395;7212;
5fe6df61-6c55-45f2-a505-d17e8e2a5bc9;2024-02-14T12:27:00Z;91.42;91.3975;91.42;91.395;3640;
5fe6df61-6c55-45f2-a505-d17e8e2a5bc9;2024-02-14T12:28:00Z;91.4075;91.4075;91.4175;91.3975;1005;
5fe6df61-6c55-45f2-a505-d17e8e2a5bc9;2024-02-14T12:29:00Z;91.4;91.4;91.42;91.4;1156;
5fe6df61-6c55-45f2-a505-d17e8e2a5bc9;2024-02-14T12:30:00Z;91.4075;91.3925;91.41;91.39;506;
5fe6df61-6c55-45f2-a505-d17e8e2a5bc9;2024-02-14T12:31:00Z;91.4025;91.4;91.4025;91.39;315;
5fe6df61-6c55-45f2-a505-d17e8e2a5bc9;2024-02-14T12:32:00Z;91.3975;91.4075;91.41;91.39;131;
5fe6df61-6c55-45f2-a505-d17e8e2a5bc9;2024-02-14T12:33:00Z;91.4075;91.395;91.4075;91.395;311;
5fe6df61-6c55-45f2-a505-d17e8e2a5bc9;2024-02-14T12:34:00Z;91.405;91.4075;91.4087;91.3975;10146;
5fe6df61-6c55-45f2-a505-d17e8e2a5bc9;2024-02-14T12:35:00Z;91.41;91.4325;91.4325;91.395;945;
5fe6df61-6c55-45f2-a505-d17e8e2a5bc9;2024-02-14T12:36:00Z;91.4125;91.4475;91.4475;91.4125;1842;
5fe6df61-6c55-45f2-a505-d17e8e2a5bc9;2024-02-14T12:37:00Z;91.44;91.435;91.45;91.4325;1580;
5fe6df61-6c55-45f2-a505-d17e8e2a5bc9;2024-02-14T12:38:00Z;91.4275;91.4375;91.4425;91.4275;3445;
5fe6df61-6c55-45f2-a505-d17e8e2a5bc9;2024-02-14T12:39:00Z;91.4325;91.43;91.445;91.4275;11484;
5fe6df61-6c55-45f2-a505-d17e8e2a5bc9;2024-02-14T12:40:00Z;91.4375;91.4475;91.4475;91.4375;807;
5fe6df61-6c55-45f2-a505-d17e8e2a5bc9;2024-02-14T12:41:00Z;91.44;91.435;91.4425;91.4275;12218;
5fe6df61-6c55-45f2-a505-d17e8e2a5bc9;2024-02-14T12:42:00Z;91.4325;91.4525;91.475;91.4325;709;
5fe6df61-6c55-45f2-a505-d17e8e2a5bc9;2024-02-14T12:43:00Z;91.4475;91.4275;91.4575;91.4275;418;
5fe6df61-6c55-45f2-a505-d17e8e2a5bc9;2024-02-14T12:44:00Z;91.4325;91.4775;91.49;91.4325;182;
5fe6df61-6c55-45f2-a505-d17e8e2a5bc9;2024-02-14T12:45:00Z;91.475;91.4825;91.49;91.4675;2481;
5fe6df61-6c55-45f2-a505-d17e8e2a5bc9;2024-02-14T12:46:00Z;91.5;91.495;91.5175;91.37;5001041;
5fe6df61-6c55-45f2-a505-d17e8e2a5bc9;2024-02-14T12:47:00Z;91.475;91.4737;91.4925;91.4575;3666;
5fe6df61-6c55-45f2-a505-d17e8e2a5bc9;2024-02-14T12:48:00Z;91.44;91.5325;91.5425;91.44;111175;
5fe6df61-6c55-45f2-a505-d17e8e2a5bc9;2024-02-14T12:49:00Z;91.475;91.44;91.475;91.44;107;
5fe6df61-6c55-45f2-a505-d17e8e2a5bc9;2024-02-14T12:50:00Z;91.4475;91.43;91.4475;91.4275;1656;
5fe6df61-6c55-45f2-a505-d17e8e2a5bc9;2024-02-14T12:51:00Z;91.4275;91.44;91.4425;91.4175;887;
5fe6df61-6c55-45f2-a505-d17e8e2a5bc9;2024-02-14T12:52:00Z;91.4275;91.4375;91.4525;91.4225;450;
5fe6df61-6c55-45f2-a505-d17e8e2a5bc9;2024-02-14T12:53:00Z;91.4375;91.4425;91.45;91.43;184;
5fe6df61-6c55-45f2-a505-d17e8e2a5bc9;2024-02-14T12:54:00Z;91.4312;91.4375;91.44;91.4225;324;
5fe6df61-6c55-45f2-a505-d17e8e2a5bc9;2024-02-14T12:55:00Z;91.4375;91.41;91.4375;91.41;721;
5fe6df61-6c55-45f2-a505-d17e8e2a5bc9;2024-02-14T12:56:00Z;91.4338;91.43;91.45;91.41;1013;
5fe6df61-6c55-45f2-a505-d17e8e2a5bc9;2024-02-14T12:57:00Z;91.41;91.44;91.4425;91.405;699;
5fe6df61-6c55-45f2-a505-d17e8e2a5bc9;2024-02-14T12:58:00Z;91.4525;91.4275;91.4525;91.4225;525;
5fe6df61-6c55-45f2-a505-d17e8e2a5bc9;2024-02-14T12:59:00Z;91.4175;91.4087;91.43;91.4087;256;
5fe6df61-6c55-45f2-a505-d17e8e2a5bc9;2024-02-14T13:00:00Z;91.42;91.4;91.4275;91.4;1642;
5fe6df61-6c55-45f2-a505-d17e8e2a5bc9;2024-02-14T13:01:00Z;91.4075;91.41;91.4175;91.4;2353;
5fe6df61-6c55-45f2-a505-d17e8e2a5bc9;2024-02-14T13:02:00Z;91.4125;91.4025;91.4125;91.4;157;
5fe6df61-6c55-45f2-a505-d17e8e2a5bc9;2024-02-14T13:03:00Z;91.395;91.38;91.4125;91.365;374;
5fe6df61-6c55-45f2-a505-d17e8e2a5bc9;2024-02-14T13:04:00Z;91.365;91.3925;91.3925;91.3625;53;
5fe6df61-6c55-45f2-a505-d17e8e2a5bc9;2024-02-14T13:05:00Z;91.4;91.385;91.405;91.375;2355;
5fe6df61-6c55-45f2-a505-d17e8e2a5bc9;2024-02-14T13:06:00Z;91.37;91.3925;91.3975;91.36;737;
5fe6df61-6c55-45f2-a505-d17e8e2a5bc9;2024-02-14T13:07:00Z;91.37;91.3875;91.3925;91.37;271;
5fe6df61-6c55-45f2-a505-d17e8e2a5bc9;2024-02-14T13:08:00Z;91.39;91.3825;91.41;91.37;3000637;
5fe6df61-6c55-45f2-a505-d17e8e2a5bc9;2024-02-14T13:09:00Z;91.3825;91.3725;91.3825;91.3725;605;
5fe6df61-6c55-45f2-a505-d17e8e2a5bc9;2024-02-14T13:10:00Z;91.3925;91.3838;91.395;91.375;4532;
5fe6df61-6c55-45f2-a505-d17e8e2a5bc9;2024-02-14T13:11:00Z;91.3975;91.3925;91.3975;91.3875;12;
5fe6df61-6c55-45f2-a505-d17e8e2a5bc9;2024-02-14T13:12:00Z;91.3875;91.3925;91.41;91.3875;478;
5fe6df61-6c55-45f2-a505-d17e8e2a5bc9;2024-02-14T13:13:00Z;91.4075;91.4088;91.4125;91.395;157;
5fe6df61-6c55-45f2-a505-d17e8e2a5bc9;2024-02-14T13:14:00Z;91.4175;91.4075;91.42;91.4;1721;
5fe6df61-6c55-45f2-a505-d17e8e2a5bc9;2024-02-14T13:15:00Z;91.4175;91.4225;91.4225;91.405;789;
5fe6df61-6c55-45f2-a505-d17e8e2a5bc9;2024-02-14T13:16:00Z;91.415;91.405;91.425;91.405;2653;
5fe6df61-6c55-45f2-a505-d17e8e2a5bc9;2024-02-14T13:17:00Z;91.405;91.4275;91.4275;91.405;102;
5fe6df61-6c55-45f2-a505-d17e8e2a5bc9;2024-02-14T13:18:00Z;91.41;91.405;91.425;91.405;1226;
5fe6df61-6c55-45f2-a505-d17e8e2a5bc9;2024-02-14T13:19:00Z;91.42;91.4225;91.4325;91.4125;1044;
5fe6df61-6c55-45f2-a505-d17e8e2a5bc9;2024-02-14T13:20:00Z;91.425;91.61;91.61;91.415;10001004;
5fe6df61-6c55-45f2-a505-d17e8e2a5bc9;2024-02-14T13:21:00Z;91.61;91.44;91.61;91.4175;5000345;
5fe6df61-6c55-45f2-a505-d17e8e2a5bc9;2024-02-14T13:22:00Z;91.44;91.435;91.4425;91.4275;285;
5fe6df61-6c55-45f2-a505-d17e8e2a5bc9;2024-02-14T13:23:00Z;91.4425;91.435;91.4425;91.42;197;
5fe6df61-6c55-45f2-a505-d17e8e2a5bc9;2024-02-14T13:24:00Z;91.425;91.4325;91.4375;91.425;43;
5fe6df61-6c55-45f2-a505-d17e8e2a5bc9;2024-02-14T13:25:00Z;91.4375;91.4375;91.4425;91.4275;471;
5fe6df61-6c55-45f2-a505-d17e8e2a5bc9;2024-02-14T13:26:00Z;91.425;91.4325;91.4425;91.4225;397;
5fe6df61-6c55-45f2-a505-d17e8e2a5bc9;2024-02-14T13:27:00Z;91.425;91.425;91.4325;91.4175;202;
5fe6df61-6c55-45f2-a505-d17e8e2a5bc9;2024-02-14T13:28:00Z;91.4175;91.435;91.445;91.4175;448;
5fe6df61-6c55-45f2-a505-d17e8e2a5bc9;2024-02-14T13:29:00Z;91.425;91.4375;91.44;91.4225;1287;
5fe6df61-6c55-45f2-a505-d17e8e2a5bc9;2024-02-14T13:30:00Z;91.43;91.48;91.48;91.43;1733;
5fe6df61-6c55-45f2-a505-d17e8e2a5bc9;2024-02-14T13:31:00Z;91.4725;91.44;91.4725;91.425;1909;
5fe6df61-6c55-45f2-a505-d17e8e2a5bc9;2024-02-14T13:32:00Z;91.4275;91.415;91.44;91.4125;3881;
5fe6df61-6c55-45f2-a505-d17e8e2a5bc9;2024-02-14T13:33:00Z;91.4275;91.425;91.45;91.42;234;
5fe6df61-6c55-45f2-a505-d17e8e2a5bc9;2024-02-14T13:34:00Z;91.42;91.43;91.435;91.375;602;
5fe6df61-6c55-45f2-a505-d17e8e2a5bc9;2024-02-14T13:35:00Z;91.37;91.3975;91.3975;91.3663;11401;
5fe6df61-6c55-45f2-a505-d17e8e2a5bc9;2024-02-14T13:36:00Z;91.3975;91.4075;91.41;91.3875;199;
5fe6df61-6c55-45f2-a505-d17e8e2a5bc9;2024-02-14T13:37:00Z;91.41;91.4125;91.4125;91.4;1213;
5fe6df61-6c55-45f2-a505-d17e8e2a5bc9;2024-02-14T13:38:00Z;91.41;91.3925;91.41;91.3925;804;
5fe6df61-6c55-45f2-a505-d17e8e2a5bc9;2024-02-14T13:39:00Z;91.3875;91.3788;91.4;91.3775;242;
5fe6df61-6c55-45f2-a505-d17e8e2a5bc9;2024-02-14T13:40:00Z;91.375;91.39;91.3975;91.3725;5474;
5fe6df61-6c55-45f2-a505-d17e8e2a5bc9;2024-02-14T13:41:00Z;91.3825;91.3875;91.3975;91.3825;9293;
5fe6df61-6c55-45f2-a505-d17e8e2a5bc9;2024-02-14T13:42:00Z;91.395;91.405;91.405;91.38;1426;
5fe6df61-6c55-45f2-a505-d17e8e2a5bc9;2024-02-14T13:43:00Z;91.3975;91.3974;91.405;91.39;363;
5fe6df61-6c55-45f2-a505-d17e8e2a5bc9;2024-02-14T13:44:00Z;91.405;91.4025;91.405;91.398;303;
5fe6df61-6c55-45f2-a505-d17e8e2a5bc9;2024-02-14T13:45:00Z;91.3975;91.42;91.42;91.3925;1568;
5fe6df61-6c55-45f2-a505-d17e8e2a5bc9;2024-02-14T13:46:00Z;91.415;91.3925;91.415;91.38;744;
5fe6df61-6c55-45f2-a505-d17e8e2a5bc9;2024-02-14T13:47:00Z;91.375;91.3875;91.3875;91.3725;5881;
5fe6df61-6c55-45f2-a505-d17e8e2a5bc9;2024-02-14T13:48:00Z;91.38;91.355;91.385;91.3475;2506;
5fe6df61-6c55-45f2-a505-d17e8e2a5bc9;2024-02-14T13:49:00Z;91.3425;91.3287;91.345;91.3287;441;
5fe6df61-6c55-45f2-a505-d17e8e2a5bc9;2024-02-14T13:50:00Z;91.325;91.35;91.35;91.32;763;
5fe6df61-6c55-45f2-a505-d17e8e2a5bc9;2024-02-14T13:51:00Z;91.335;91.38;91.385;91.3325;628;
5fe6df61-6c55-45f2-a505-d17e8e2a5bc9;2024-02-14T13:52:00Z;91.3775;91.3575;91.3825;91.3575;4050;
5fe6df61-6c55-45f2-a505-d17e8e2a5bc9;2024-02-14T13:53:00Z;91.3725;91.3525;91.375;91.3525;10329;
5fe6df61-6c55-45f2-a505-d17e8e2a5bc9;2024-02-14T13:54:00Z;91.35;91.3575;91.37;91.3475;141;
5fe6df61-6c55-45f2-a505-d17e8e2a5bc9;2024-02-14T13:55:00Z;91.3425;91.3475;91.35;91.33;727;
5fe6df61-6c55-45f2-a505-d17e8e2a5bc9;2024-02-14T13:56:00Z;91.3375;91.34;91.35;91.3375;820;
5fe6df61-6c55-45f2-a505-d17e8e2a5bc9;2024-02-14T13:57:00Z;91.35;91.34;91.35;91.34;127;
5fe6df61-6c55-45f2-a505-d17e8e2a5bc9;2024-02-14T13:58:00Z;91.3413;91.3225;91.37;91.29;76511;
5fe6df61-6c55-45f2-a505-d17e8e2a5bc9;2024-02-14T13:59:00Z;91.305;91.3225;91.3425;91.3;11948;
5fe6df61-6c55-45f2-a505-d17e8e2a5bc9;2024-02-14T14:00:00Z;91.325;91.2875;91.34;91.285;805;
5fe6df61-6c55-45f2-a505-d17e8e2a5bc9;2024-02-14T14:01:00Z;91.2875;91.295;91.3125;91.285;1156;
5fe6df61-6c55-45f2-a505-d17e8e2a5bc9;2024-02-14T14:02:00Z;91.2825;91.285;91.3;91.2825;2267;
5fe6df61-6c55-45f2-a505-d17e8e2a5bc9;2024-02-14T14:03:00Z;91.285;91.3;91.3;91.285;2702;
5fe6df61-6c55-45f2-a505-d17e8e2a5bc9;2024-02-14T14:04:00Z;91.2975;91.2913;91.3225;91.2913;646;
5fe6df61-6c55-45f2-a505-d17e8e2a5bc9;2024-02-14T14:05:00Z;91.2987;91.35;91.35;91.28;843;
5fe6df61-6c55-45f2-a505-d17e8e2a5bc9;2024-02-14T14:06:00Z;91.33;91.355;91.3825;91.33;2097;
5fe6df61-6c55-45f2-a505-d17e8e2a5bc9;2024-02-14T14:07:00Z;91.34;91.365;91.37;91.33;855;
5fe6df61-6c55-45f2-a505-d17e8e2a5bc9;2024-02-14T14:08:00Z;91.3475;91.395;91.4075;91.3475;606;
5fe6df61-6c55-45f2-a505-d17e8e2a5bc9;2024-02-14T14:09:00Z;91.415;91.415;91.4275;91.41;1938;
5fe6df61-6c55-45f2-a505-d17e8e2a5bc9;2024-02-14T14:10:00Z;91.4225;91.4275;91.4275;91.41;166;
5fe6df61-6c55-45f2-a505-d17e8e2a5bc9;2024-02-14T14:11:00Z;91.4275;91.42;91.4275;91.41;1615;
5fe6df61-6c55-45f2-a505-d17e8e2a5bc9;2024-02-14T14:12:00Z;91.415;91.415;91.4225;91.4125;180;
5fe6df61-6c55-45f2-a505-d17e8e2a5bc9;2024-02-14T14:13:00Z;91.4125;91.425;91.4275;91.4125;2336;
5fe6df61-6c55-45f2-a505-d17e8e2a5bc9;2024-02-14T14:14:00Z;91.4175;91.4175;91.4225;91.41;2182;
5fe6df61-6c55-45f2-a505-d17e8e2a5bc9;2024-02-14T14:15:00Z;91.4175;91.425;91.4275;91.415;155;
5fe6df61-6c55-45f2-a505-d17e8e2a5bc9;2024-02-14T14:16:00Z;91.4175;91.425;91.43;91.4175;13430;
5fe6df61-6c55-45f2-a505-d17e8e2a5bc9;2024-02-14T14:17:00Z;91.42;91.44;91.44;91.42;397;
5fe6df61-6c55-45f2-a505-d17e8e2a5bc9;2024-02-14T14:18:00Z;91.4375;91.445;91.45;91.4325;665;
5fe6df61-6c55-45f2-a505-d17e8e2a5bc9;2024-02-14T14:19:00Z;91.4425;91.4575;91.46;91.4375;2753;
5fe6df61-6c55-45f2-a505-d17e8e2a5bc9;2024-02-14T14:20:00Z;91.4475;91.46;91.4675;91.4475;250;
5fe6df61-6c55-45f2-a505-d17e8e2a5bc9;2024-02-14T14:21:00Z;91.4525;91.45;91.4675;91.4375;2196;
5fe6df61-6c55-45f2-a505-d17e8e2a5bc9;2024-02-14T14:22:00Z;91.455;91.4325;91.4575;91.4325;574;
5fe6df61-6c55-45f2-a505-d17e8e2a5bc9;2024-02-14T14:23:00Z;91.45;91.4325;91.455;91.4325;1718;
5fe6df61-6c55-45f2-a505-d17e8e2a5bc9;2024-02-14T14:24:00Z;91.435;91.44;91.445;91.43;1087;
5fe6df61-6c55-45f2-a505-d17e8e2a5bc9;2024-02-14T14:25:00Z;91.4375;91.445;91.445;91.4275;824;
5fe6df61-6c55-45f2-a505-d17e8e2a5bc9;2024-02-14T14:26:00Z;91.4425;91.435;91.45;91.4175;5214;
5fe6df61-6c55-45f2-a505-d17e8e2a5bc9;2024-02-14T14:27:00Z;91.42;91.4275;91.4375;91.42;639;
5fe6df61-6c55-45f2-a505-d17e8e2a5bc9;2024-02-14T14:28:00Z;91.42;91.43;91.435;91.42;10959;
5fe6df61-6c55-45f2-a505-d17e8e2a5bc9;2024-02-14T14:29:00Z;91.4325;91.4225;91.4375;91.4225;11048;
5fe6df61-6c55-45f2-a505-d17e8e2a5bc9;2024-02-14T14:30:00Z;91.43;91.43;91.45;91.43;1160;
5fe6df61-6c55-45f2-a505-d17e8e2a5bc9;2024-02-14T14:31:00Z;91.4325;91.4425;91.4475;91.4325;1616;
5fe6df61-6c55-45f2-a505-d17e8e2a5bc9;2024-02-14T14:32:00Z;91.445;91.445;91.4475;91.4375;526;
5fe6df61-6c55-45f2-a505-d17e8e2a5bc9;2024-02-14T14:33:00Z;91.4375;91.45;91.45;91.4375;8364;
5fe6df61-6c55-45f2-a505-d17e8e2a5bc9;2024-02-14T14:34:00Z;91.44;91.43;91.45;91.4275;885;
5fe6df61-6c55-45f2-a505-d17e8e2a5bc9;2024-02-14T14:35:00Z;91.43;91.42;91.43;91.415;547;
5fe6df61-6c55-45f2-a505-d17e8e2a5bc9;2024-02-14T14:36:00Z;91.4275;91.4425;91.4425;91.4175;1013;
5fe6df61-6c55-45f2-a505-d17e8e2a5bc9;2024-02-14T14:37:00Z;91.4425;91.4375;91.445;91.435;664;
5fe6df61-6c55-45f2-a505-d17e8e2a5bc9;2024-02-14T14:38:00Z;91.4425;91.445;91.4475;91.4375;3467;
5fe6df61-6c55-45f2-a505-d17e8e2a5bc9;2024-02-14T14:39:00Z;91.44;91.4475;91.4475;91.44;194;
5fe6df61-6c55-45f2-a505-d17e8e2a5bc9;2024-02-14T14:40:00Z;91.45;91.49;91.49;91.4475;5674;
5fe6df61-6c55-45f2-a505-d17e8e2a5bc9;2024-02-14T14:41:00Z;91.48;91.49;91.5169;91.4725;3387;
5fe6df61-6c55-45f2-a505-d17e8e2a5bc9;2024-02-14T14:42:00Z;91.4675;91.495;91.495;91.4675;2445;
5fe6df61-6c55-45f2-a505-d17e8e2a5bc9;2024-02-14T14:43:00Z;91.4925;91.48;91.4925;91.475;87;
5fe6df61-6c55-45f2-a505-d17e8e2a5bc9;2024-02-14T14:44:00Z;91.47;91.4875;91.4875;91.47;1769;
5fe6df61-6c55-45f2-a505-d17e8e2a5bc9;2024-02-14T14:45:00Z;91.47;91.4825;91.4875;91.47;216;
5fe6df61-6c55-45f2-a505-d17e8e2a5bc9;2024-02-14T14:46:00Z;91.48;91.49;91.49;91.48;929;
5fe6df61-6c55-45f2-a505-d17e8e2a5bc9;2024-02-14T14:47:00Z;91.48;91.475;91.49;91.4725;6595;
5fe6df61-6c55-45f2-a505-d17e8e2a5bc9;2024-02-14T14:48:00Z;91.48;91.48;91.48;91.475;4121;
5fe6df61-6c55-45f2-a505-d17e8e2a5bc9;2024-02-14T14:49:00Z;91.475;91.4425;91.475;91.4425;679;
5fe6df61-6c55-45f2-a505-d17e8e2a5bc9;2024-02-14T14:50:00Z;91.4525;91.4575;91.4725;91.4475;1134;
5fe6df61-6c55-45f2-a505-d17e8e2a5bc9;2024-02-14T14:51:00Z;91.455;91.585;91.595;91.4325;606410;
5fe6df61-6c55-45f2-a505-d17e8e2a5bc9;2024-02-14T14:52:00Z;91.46;91.46;91.4625;91.4425;1431;
5fe6df61-6c55-45f2-a505-d17e8e2a5bc9;2024-02-14T14:53:00Z;91.46;91.46;91.4675;91.4425;1017;
5fe6df61-6c55-45f2-a505-d17e8e2a5bc9;2024-02-14T14:54:00Z;91.47;91.4975;91.5;91.465;3663;
5fe6df61-6c55-45f2-a505-d17e8e2a5bc9;2024-02-14T14:55:00Z;91.5;91.5275;91.535;91.5;3747;
5fe6df61-6c55-45f2-a505-d17e8e2a5bc9;2024-02-14T14:56:00Z;91.5275;91.5425;91.56;91.5275;73292;
5fe6df61-6c55-45f2-a505-d17e8e2a5bc9;2024-02-14T14:57:00Z;91.54;91.58;91.58;91.535;246;
5fe6df61-6c55-45f2-a505-d17e8e2a5bc9;2024-02-14T14:58:00Z;91.5825;91.5712;91.59;91.565;3530;
5fe6df61-6c55-45f2-a505-d17e8e2a5bc9;2024-02-14T14:59:00Z;91.585;91.57;91.59;91.5625;137;
5fe6df61-6c55-45f2-a505-d17e8e2a5bc9;2024-02-14T15:00:00Z;91.57;91.62;91.6325;91.565;6350;
5fe6df61-6c55-45f2-a505-d17e8e2a5bc9;2024-02-14T15:01:00Z;91.61;91.54;91.61;91.5325;1937;
5fe6df61-6c55-45f2-a505-d17e8e2a5bc9;2024-02-14T15:02:00Z;91.565;91.525;91.5675;91.525;2929;
5fe6df61-6c55-45f2-a505-d17e8e2a5bc9;2024-02-14T15:03:00Z;91.535;91.5225;91.535;91.5025;856;
5fe6df61-6c55-45f2-a505-d17e8e2a5bc9;2024-02-14T15:04:00Z;91.515;91.5525;91.585;91.515;900;
5fe6df61-6c55-45f2-a505-d17e8e2a5bc9;2024-02-14T15:05:00Z;91.5475;91.5628;91.585;91.5475;1023;
5fe6df61-6c55-45f2-a505-d17e8e2a5bc9;2024-02-14T15:06:00Z;91.5638;91.595;91.595;91.5575;358;
5fe6df61-6c55-45f2-a505-d17e8e2a5bc9;2024-02-14T15:07:00Z;91.5975;91.615;91.65;91.5775;10582;
5fe6df61-6c55-45f2-a505-d17e8e2a5bc9;2024-02-14T15:08:00Z;91.6;91.5975;91.6135;91.5788;1175;
5fe6df61-6c55-45f2-a505-d17e8e2a5bc9;2024-02-14T15:09:00Z;91.6;91.59;91.6175;91.59;1402;
5fe6df61-6c55-45f2-a505-d17e8e2a5bc9;2024-02-14T15:10:00Z;91.5975;91.6025;91.6025;91.575;838;
5fe6df61-6c55-45f2-a505-d17e8e2a5bc9;2024-02-14T15:11:00Z;91.5875;91.615;91.6325;91.585;631;
5fe6df61-6c55-45f2-a505-d17e8e2a5bc9;2024-02-14T15:12:00Z;91.62;91.615;91.6425;91.61;1192;
5fe6df61-6c55-45f2-a505-d17e8e2a5bc9;2024-02-14T15:13:00Z;91.6175;91.6075;91.6175;91.595;125;
5fe6df61-6c55-45f2-a505-d17e8e2a5bc9;2024-02-14T15:14:00Z;91.61;91.61;91.615;91.585;152;
5fe6df61-6c55-45f2-a505-d17e8e2a5bc9;2024-02-14T15:15:00Z;91.6163;91.6275;91.63;91.58;1093;
5fe6df61-6c55-45f2-a505-d17e8e2a5bc9;2024-02-14T15:16:00Z;91.6175;91.6275;91.635;91.61;1019;
5fe6df61-6c55-45f2-a505-d17e8e2a5bc9;2024-02-14T15:17:00Z;91.62;91.6225;91.625;91.605;1791;
5fe6df61-6c55-45f2-a505-d17e8e2a5bc9;2024-02-14T15:18:00Z;91.62;91.6475;91.6625;91.62;10329;
5fe6df61-6c55-45f2-a505-d17e8e2a5bc9;2024-02-14T15:19:00Z;91.6325;91.63;91.65;91.6275;367;
5fe6df61-6c55-45f2-a505-d17e8e2a5bc9;2024-02-14T15:20:00Z;91.5825;91.615;91.615;91.5575;652;
5fe6df61-6c55-45f2-a505-d17e8e2a5bc9;2024-02-14T15:21:00Z;91.61;91.6325;91.6325;91.57;2090;
5fe6df61-6c55-45f2-a505-d17e8e2a5bc9;2024-02-14T15:22:00Z;91.61;91.6;91.61;91.5675;1065;
5fe6df61-6c55-45f2-a505-d17e8e2a5bc9;2024-02-14T15:23:00Z;91.5875;91.5738;91.6;91.5675;247;
5fe6df61-6c55-45f2-a505-d17e8e2a5bc9;2024-02-14T15:24:00Z;91.5975;91.55;91.5975;91.55;34;
5fe6df61-6c55-45f2-a505-d17e8e2a5bc9;2024-02-14T15:25:00Z;91.53;91.5225;91.5525;91.52;424;
5fe6df61-6c55-45f2-a505-d17e8e2a5bc9;2024-02-14T15:26:00Z;91.54;91.535;91.555;91.535;50022;
5fe6df61-6c55-45f2-a505-d17e8e2a5bc9;2024-02-14T15:27:00Z;91.5525;91.56;91.56;91.52;55290;
5fe6df61-6c55-45f2-a505-d17e8e2a5bc9;2024-02-14T15:28:00Z;91.5625;91.5675;91.5675;91.5225;200;
5fe6df61-6c55-45f2-a505-d17e8e2a5bc9;2024-02-14T15:29:00Z;91.5225;91.5525;91.5575;91.5225;231;
5fe6df61-6c55-45f2-a505-d17e8e2a5bc9;2024-02-14T15:30:00Z;91.555;91.5175;91.56;91.5175;2465;
5fe6df61-6c55-45f2-a505-d17e8e2a5bc9;2024-02-14T15:31:00Z;91.5175;91.5225;91.575;91.5175;351;
5fe6df61-6c55-45f2-a505-d17e8e2a5bc9;2024-02-14T15:32:00Z;91.52;91.5175;91.5412;91.5175;886;
5fe6df61-6c55-45f2-a505-d17e8e2a5bc9;2024-02-14T15:33:00Z;91.5175;91.505;91.54;91.505;344;
5fe6df61-6c55-45f2-a505-d17e8e2a5bc9;2024-02-14T15:34:00Z;91.5325;91.5325;91.5325;91.49;2545;
5fe6df61-6c55-45f2-a505-d17e8e2a5bc9;2024-02-14T15:35:00Z;91.525;91.51;91.525;91.48;141;
5fe6df61-6c55-45f2-a505-d17e8e2a5bc9;2024-02-14T15:36:00Z;91.48;91.515;91.5275;91.48;3631;
5fe6df61-6c55-45f2-a505-d17e8e2a5bc9;2024-02-14T15:37:00Z;91.4975;91.4675;91.5225;91.4675;1314;
5fe6df61-6c55-45f2-a505-d17e8e2a5bc9;2024-02-14T15:38:00Z;91.4975;91.49;91.5;91.4675;845;
5fe6df61-6c55-45f2-a505-d17e8e2a5bc9;2024-02-14T15:39:00Z;91.4575;91.445;91.4725;91.44;1262;
5fe6df61-6c55-45f2-a505-d17e8e2a5bc9;2024-02-14T15:40:00Z;91.445;91.4425;91.4725;91.44;548;
5fe6df61-6c55-45f2-a505-d17e8e2a5bc9;2024-02-14T15:41:00Z;91.4425;91.4425;91.4725;91.4375;1918;
5fe6df61-6c55-45f2-a505-d17e8e2a5bc9;2024-02-14T15:42:00Z;91.465;91.46;91.465;91.4375;3717;
5fe6df61-6c55-45f2-a505-d17e8e2a5bc9;2024-02-14T15:43:00Z;91.46;91.4425;91.4725;91.4375;345;
5fe6df61-6c55-45f2-a505-d17e8e2a5bc9;2024-02-14T15:44:00Z;91.4425;91.4625;91.4625;91.4425;732;
5fe6df61-6c55-45f2-a505-d17e8e2a5bc9;2024-02-14T15:45:00Z;91.4575;91.47;91.4875;91.4425;375;
5fe6df61-6c55-45f2-a505-d17e8e2a5bc9;2024-02-14T15:46:00Z;91.4425;91.48;91.48;91.4425;768;
5fe6df61-6c55-45f2-a505-d17e8e2a5bc9;2024-02-14T15:47:00Z;91.4775;91.455;91.485;91.445;859;
5fe6df61-6c55-45f2-a505-d17e8e2a5bc9;2024-02-14T15:48:00Z;91.47;91.4725;91.4725;91.445;1204;
5fe6df61-6c55-45f2-a505-d17e8e2a5bc9;2024-02-14T15:49:00Z;91.465;91.475;91.4875;91.4352;539;
5fe6df61-6c55-45f2-a505-d17e8e2a5bc9;2024-02-14T15:50:00Z;91.4725;91.49;91.49;91.4175;352;
5fe6df61-6c55-45f2-a505-d17e8e2a5bc9;2024-02-14T15:51:00Z;91.49;91.47;91.49;91.425;1296;
5fe6df61-6c55-45f2-a505-d17e8e2a5bc9;2024-02-14T15:52:00Z;91.4875;91.485;91.49;91.425;451;
5fe6df61-6c55-45f2-a505-d17e8e2a5bc9;2024-02-14T15:53:00Z;91.4475;91.425;91.4925;91.425;878;
5fe6df61-6c55-45f2-a505-d17e8e2a5bc9;2024-02-14T15:54:00Z;91.425;91.42;91.425;91.42;110;
5fe6df61-6c55-45f2-a505-d17e8e2a5bc9;2024-02-14T15:55:00Z;91.4575;91.4925;91.4925;91.4125;494;
5fe6df61-6c55-45f2-a505-d17e8e2a5bc9;2024-02-14T15:56:00Z;91.475;91.475;91.475;91.41;369;
5fe6df61-6c55-45f2-a505-d17e8e2a5bc9;2024-02-14T15:57:00Z;91.475;91.4575;91.475;91.41;700;
5fe6df61-6c55-45f2-a505-d17e8e2a5bc9;2024-02-14T15:58:00Z;91.41;91.45;91.4575;91.41;709;
5fe6df61-6c55-45f2-a505-d17e8e2a5bc9;2024-02-14T15:59:00Z;91.42;91.405;91.4525;91.405;5460;
