5fe6df61-6c55-45f2-a505-d17e8e2a5bc9;2022-12-28T04:00:00Z;70.41;70.9725;70.9875;70.41;95928;
5fe6df61-6c55-45f2-a505-d17e8e2a5bc9;2022-12-28T04:01:00Z;71.05;70.865;71.065;70.635;70123;
5fe6df61-6c55-45f2-a505-d17e8e2a5bc9;2022-12-28T04:02:00Z;70.855;70.855;70.855;70.655;21616;
5fe6df61-6c55-45f2-a505-d17e8e2a5bc9;2022-12-28T04:03:00Z;70.855;70.7153;70.855;70.63;8638;
5fe6df61-6c55-45f2-a505-d17e8e2a5bc9;2022-12-28T04:04:00Z;70.5875;70.74;70.74;70.5875;5982;
5fe6df61-6c55-45f2-a505-d17e8e2a5bc9;2022-12-28T04:05:00Z;70.65;70.72;70.83;70.5525;6771;
5fe6df61-6c55-45f2-a505-d17e8e2a5bc9;2022-12-28T04:06:00Z;70.63;70.705;70.71;70.59;800;
5fe6df61-6c55-45f2-a505-d17e8e2a5bc9;2022-12-28T04:07:00Z;70.6;70.66;70.6925;70.5875;13027;
5fe6df61-6c55-45f2-a505-d17e8e2a5bc9;2022-12-28T04:08:00Z;70.66;70.7075;70.7225;70.575;88211;
5fe6df61-6c55-45f2-a505-d17e8e2a5bc9;2022-12-28T04:09:00Z;70.5725;70.69;70.73;70.5725;14492;
5fe6df61-6c55-45f2-a505-d17e8e2a5bc9;2022-12-28T04:10:00Z;70.6325;70.6175;70.695;70.59;7377;
5fe6df61-6c55-45f2-a505-d17e8e2a5bc9;2022-12-28T04:11:00Z;70.755;70.7425;70.755;70.63;5067;
5fe6df61-6c55-45f2-a505-d17e8e2a5bc9;2022-12-28T04:12:00Z;70.75;70.635;70.77;70.635;20457;
5fe6df61-6c55-45f2-a505-d17e8e2a5bc9;2022-12-28T04:13:00Z;70.625;70.7575;70.7675;70.625;1909;
5fe6df61-6c55-45f2-a505-d17e8e2a5bc9;2022-12-28T04:14:00Z;70.65;70.6625;70.735;70.6425;941;
5fe6df61-6c55-45f2-a505-d17e8e2a5bc9;2022-12-28T04:15:00Z;70.645;70.66;70.74;70.6075;6872;
5fe6df61-6c55-45f2-a505-d17e8e2a5bc9;2022-12-28T04:16:00Z;70.705;70.6875;70.73;70.6225;4222;
5fe6df61-6c55-45f2-a505-d17e8e2a5bc9;2022-12-28T04:17:00Z;70.7;70.7053;70.7075;70.6125;6279;
5fe6df61-6c55-45f2-a505-d17e8e2a5bc9;2022-12-28T04:18:00Z;70.705;70.6725;70.705;70.59;1206;
5fe6df61-6c55-45f2-a505-d17e8e2a5bc9;2022-12-28T04:19:00Z;70.6225;70.6175;70.6725;70.5875;7845;
5fe6df61-6c55-45f2-a505-d17e8e2a5bc9;2022-12-28T04:20:00Z;70.6225;70.6225;70.7225;70.5925;6438;
5fe6df61-6c55-45f2-a505-d17e8e2a5bc9;2022-12-28T04:21:00Z;70.7175;70.6075;70.72;70.6075;514;
5fe6df61-6c55-45f2-a505-d17e8e2a5bc9;2022-12-28T04:22:00Z;70.71;70.6125;70.7325;70.61;1844;
5fe6df61-6c55-45f2-a505-d17e8e2a5bc9;2022-12-28T04:23:00Z;70.6075;70.61;70.71;70.6075;4568;
5fe6df61-6c55-45f2-a505-d17e8e2a5bc9;2022-12-28T04:24:00Z;70.705;70.6275;70.7325;70.6275;7355;
5fe6df61-6c55-45f2-a505-d17e8e2a5bc9;2022-12-28T04:25:00Z;70.72;70.5825;70.72;70.5825;1345;
5fe6df61-6c55-45f2-a505-d17e8e2a5bc9;2022-12-28T04:26:00Z;70.58;70.58;70.68;70.5775;1482;
5fe6df61-6c55-45f2-a505-d17e8e2a5bc9;2022-12-28T04:27:00Z;70.69;70.5775;70.69;70.5625;7963;
5fe6df61-6c55-45f2-a505-d17e8e2a5bc9;2022-12-28T04:28:00Z;70.675;70.69;70.7075;70.5875;4762;
5fe6df61-6c55-45f2-a505-d17e8e2a5bc9;2022-12-28T04:29:00Z;70.69;70.7125;70.72;70.61;1956;
5fe6df61-6c55-45f2-a505-d17e8e2a5bc9;2022-12-28T04:30:00Z;70.62;70.625;70.7125;70.5875;1461;
5fe6df61-6c55-45f2-a505-d17e8e2a5bc9;2022-12-28T04:31:00Z;70.72;70.7175;70.725;70.57;3951;
5fe6df61-6c55-45f2-a505-d17e8e2a5bc9;2022-12-28T04:32:00Z;70.7175;70.6275;70.7275;70.605;4151;
5fe6df61-6c55-45f2-a505-d17e8e2a5bc9;2022-12-28T04:33:00Z;70.7225;70.645;70.7275;70.635;2641;
5fe6df61-6c55-45f2-a505-d17e8e2a5bc9;2022-12-28T04:34:00Z;70.725;70.725;70.725;70.6475;2326;
5fe6df61-6c55-45f2-a505-d17e8e2a5bc9;2022-12-28T04:35:00Z;70.725;70.5775;70.765;70.5775;6176;
5fe6df61-6c55-45f2-a505-d17e8e2a5bc9;2022-12-28T04:36:00Z;70.64;70.5675;70.64;70.5625;5549;
5fe6df61-6c55-45f2-a505-d17e8e2a5bc9;2022-12-28T04:37:00Z;70.64;70.5975;70.64;70.5875;784;
5fe6df61-6c55-45f2-a505-d17e8e2a5bc9;2022-12-28T04:38:00Z;70.64;70.585;70.64;70.585;9419;
5fe6df61-6c55-45f2-a505-d17e8e2a5bc9;2022-12-28T04:39:00Z;70.64;70.66;70.7425;70.5925;7279;
5fe6df61-6c55-45f2-a505-d17e8e2a5bc9;2022-12-28T04:40:00Z;70.7525;70.75;70.7775;70.645;2521;
5fe6df61-6c55-45f2-a505-d17e8e2a5bc9;2022-12-28T04:41:00Z;70.685;70.7075;70.7975;70.675;5592;
5fe6df61-6c55-45f2-a505-d17e8e2a5bc9;2022-12-28T04:42:00Z;70.7625;70.6975;70.7625;70.645;651;
5fe6df61-6c55-45f2-a505-d17e8e2a5bc9;2022-12-28T04:43:00Z;70.7;70.6025;70.7;70.535;13266;
5fe6df61-6c55-45f2-a505-d17e8e2a5bc9;2022-12-28T04:44:00Z;70.6125;70.625;70.625;70.535;1283;
5fe6df61-6c55-45f2-a505-d17e8e2a5bc9;2022-12-28T04:45:00Z;70.5875;70.6775;70.6775;70.585;3528;
5fe6df61-6c55-45f2-a505-d17e8e2a5bc9;2022-12-28T04:46:00Z;70.68;70.6828;70.685;70.6175;9266;
5fe6df61-6c55-45f2-a505-d17e8e2a5bc9;2022-12-28T04:47:00Z;70.685;70.6225;70.695;70.6175;4713;
5fe6df61-6c55-45f2-a505-d17e8e2a5bc9;2022-12-28T04:48:00Z;70.6225;70.6975;70.705;70.6225;33148;
5fe6df61-6c55-45f2-a505-d17e8e2a5bc9;2022-12-28T04:49:00Z;70.695;70.7025;70.74;70.685;1933;
5fe6df61-6c55-45f2-a505-d17e8e2a5bc9;2022-12-28T04:50:00Z;70.68;70.7525;70.7575;70.6725;23303;
5fe6df61-6c55-45f2-a505-d17e8e2a5bc9;2022-12-28T04:51:00Z;70.6825;70.685;70.755;70.6825;6037;
5fe6df61-6c55-45f2-a505-d17e8e2a5bc9;2022-12-28T04:52:00Z;70.6775;70.7675;70.7675;70.6775;1194;
5fe6df61-6c55-45f2-a505-d17e8e2a5bc9;2022-12-28T04:53:00Z;70.7828;70.7925;70.83;70.6425;3219;
5fe6df61-6c55-45f2-a505-d17e8e2a5bc9;2022-12-28T04:54:00Z;70.7975;70.7925;70.8325;70.69;6035;
5fe6df61-6c55-45f2-a505-d17e8e2a5bc9;2022-12-28T04:55:00Z;70.785;70.7575;70.8375;70.7575;1144;
5fe6df61-6c55-45f2-a505-d17e8e2a5bc9;2022-12-28T04:56:00Z;70.8054;70.7575;70.8275;70.7575;4827;
5fe6df61-6c55-45f2-a505-d17e8e2a5bc9;2022-12-28T04:57:00Z;70.8275;70.7925;70.87;70.7825;4899;
5fe6df61-6c55-45f2-a505-d17e8e2a5bc9;2022-12-28T04:58:00Z;70.865;70.79;70.865;70.7775;6955;
5fe6df61-6c55-45f2-a505-d17e8e2a5bc9;2022-12-28T04:59:00Z;70.8375;70.89;70.89;70.7875;1226;
5fe6df61-6c55-45f2-a505-d17e8e2a5bc9;2022-12-28T05:00:00Z;70.8175;70.8875;70.895;70.8075;1699;
5fe6df61-6c55-45f2-a505-d17e8e2a5bc9;2022-12-28T05:01:00Z;70.825;70.86;70.8875;70.805;3063;
5fe6df61-6c55-45f2-a505-d17e8e2a5bc9;2022-12-28T05:02:00Z;70.7975;70.805;70.8625;70.785;5310;
5fe6df61-6c55-45f2-a505-d17e8e2a5bc9;2022-12-28T05:03:00Z;70.8125;70.863;70.8675;70.8125;7576;
5fe6df61-6c55-45f2-a505-d17e8e2a5bc9;2022-12-28T05:04:00Z;70.7925;70.8;70.8675;70.7575;11094;
5fe6df61-6c55-45f2-a505-d17e8e2a5bc9;2022-12-28T05:05:00Z;70.815;70.81;70.8225;70.7275;25484;
5fe6df61-6c55-45f2-a505-d17e8e2a5bc9;2022-12-28T05:06:00Z;70.765;70.795;70.795;70.755;13611;
5fe6df61-6c55-45f2-a505-d17e8e2a5bc9;2022-12-28T05:07:00Z;70.795;70.8575;70.86;70.78;2760;
5fe6df61-6c55-45f2-a505-d17e8e2a5bc9;2022-12-28T05:08:00Z;70.7925;70.8025;70.87;70.7925;1897;
5fe6df61-6c55-45f2-a505-d17e8e2a5bc9;2022-12-28T05:09:00Z;70.8025;70.8375;70.8725;70.7625;2536;
5fe6df61-6c55-45f2-a505-d17e8e2a5bc9;2022-12-28T05:10:00Z;70.8725;70.81;70.8725;70.81;13243;
5fe6df61-6c55-45f2-a505-d17e8e2a5bc9;2022-12-28T05:11:00Z;70.8775;70.8628;70.88;70.8175;12736;
5fe6df61-6c55-45f2-a505-d17e8e2a5bc9;2022-12-28T05:12:00Z;70.8775;70.84;70.8775;70.8075;9611;
5fe6df61-6c55-45f2-a505-d17e8e2a5bc9;2022-12-28T05:13:00Z;70.815;70.8925;70.8975;70.81;9344;
5fe6df61-6c55-45f2-a505-d17e8e2a5bc9;2022-12-28T05:14:00Z;70.8275;70.875;70.89;70.8275;2577;
5fe6df61-6c55-45f2-a505-d17e8e2a5bc9;2022-12-28T05:15:00Z;70.875;70.855;70.88;70.815;1721;
5fe6df61-6c55-45f2-a505-d17e8e2a5bc9;2022-12-28T05:16:00Z;70.8875;70.885;70.8875;70.84;2227;
5fe6df61-6c55-45f2-a505-d17e8e2a5bc9;2022-12-28T05:17:00Z;70.8925;70.895;70.895;70.8475;78241;
5fe6df61-6c55-45f2-a505-d17e8e2a5bc9;2022-12-28T05:18:00Z;70.8475;70.8475;70.9;70.8425;2083;
5fe6df61-6c55-45f2-a505-d17e8e2a5bc9;2022-12-28T05:19:00Z;70.8975;70.89;70.9;70.8425;17894;
5fe6df61-6c55-45f2-a505-d17e8e2a5bc9;2022-12-28T05:20:00Z;70.8475;70.9;70.9;70.8375;6678;
5fe6df61-6c55-45f2-a505-d17e8e2a5bc9;2022-12-28T05:21:00Z;70.8475;70.8753;70.8925;70.8375;8326;
5fe6df61-6c55-45f2-a505-d17e8e2a5bc9;2022-12-28T05:22:00Z;70.88;70.8625;70.88;70.8375;32044;
5fe6df61-6c55-45f2-a505-d17e8e2a5bc9;2022-12-28T05:23:00Z;70.88;70.84;70.88;70.84;1014;
5fe6df61-6c55-45f2-a505-d17e8e2a5bc9;2022-12-28T05:24:00Z;70.8775;70.8775;70.8775;70.83;2564;
5fe6df61-6c55-45f2-a505-d17e8e2a5bc9;2022-12-28T05:25:00Z;70.8775;70.88;70.88;70.84;3274;
5fe6df61-6c55-45f2-a505-d17e8e2a5bc9;2022-12-28T05:26:00Z;70.88;70.88;70.88;70.84;16578;
5fe6df61-6c55-45f2-a505-d17e8e2a5bc9;2022-12-28T05:27:00Z;70.88;70.86;70.88;70.8475;3504;
5fe6df61-6c55-45f2-a505-d17e8e2a5bc9;2022-12-28T05:28:00Z;70.8525;70.88;70.88;70.85;24423;
5fe6df61-6c55-45f2-a505-d17e8e2a5bc9;2022-12-28T05:29:00Z;70.88;70.88;70.88;70.8525;10110;
5fe6df61-6c55-45f2-a505-d17e8e2a5bc9;2022-12-28T05:30:00Z;70.8525;70.85;70.88;70.8325;9982;
5fe6df61-6c55-45f2-a505-d17e8e2a5bc9;2022-12-28T05:31:00Z;70.8457;70.8507;70.875;70.825;3849;
5fe6df61-6c55-45f2-a505-d17e8e2a5bc9;2022-12-28T05:32:00Z;70.8375;70.88;70.88;70.8325;58874;
5fe6df61-6c55-45f2-a505-d17e8e2a5bc9;2022-12-28T05:33:00Z;70.88;70.86;70.88;70.8525;2050;
5fe6df61-6c55-45f2-a505-d17e8e2a5bc9;2022-12-28T05:34:00Z;70.8525;70.86;70.88;70.85;3711;
5fe6df61-6c55-45f2-a505-d17e8e2a5bc9;2022-12-28T05:35:00Z;70.88;70.88;70.88;70.855;1717;
5fe6df61-6c55-45f2-a505-d17e8e2a5bc9;2022-12-28T05:36:00Z;70.8575;70.88;70.88;70.8575;53542;
5fe6df61-6c55-45f2-a505-d17e8e2a5bc9;2022-12-28T05:37:00Z;70.88;70.8675;70.88;70.86;15768;
5fe6df61-6c55-45f2-a505-d17e8e2a5bc9;2022-12-28T05:38:00Z;70.88;70.8682;70.885;70.8625;2292;
5fe6df61-6c55-45f2-a505-d17e8e2a5bc9;2022-12-28T05:39:00Z;70.8675;70.8968;70.9;70.8625;2030;
5fe6df61-6c55-45f2-a505-d17e8e2a5bc9;2022-12-28T05:40:00Z;70.8675;70.9;70.9;70.8575;10678;
5fe6df61-6c55-45f2-a505-d17e8e2a5bc9;2022-12-28T05:41:00Z;70.86;70.91;70.9175;70.8575;2581;
5fe6df61-6c55-45f2-a505-d17e8e2a5bc9;2022-12-28T05:42:00Z;70.91;70.9175;70.9275;70.86;12093;
5fe6df61-6c55-45f2-a505-d17e8e2a5bc9;2022-12-28T05:43:00Z;70.9275;70.9175;70.9275;70.87;823;
5fe6df61-6c55-45f2-a505-d17e8e2a5bc9;2022-12-28T05:44:00Z;70.9375;70.9;70.9425;70.85;624;
5fe6df61-6c55-45f2-a505-d17e8e2a5bc9;2022-12-28T05:45:00Z;70.8375;70.795;70.89;70.795;10259;
5fe6df61-6c55-45f2-a505-d17e8e2a5bc9;2022-12-28T05:46:00Z;70.855;70.755;70.8725;70.755;19053;
5fe6df61-6c55-45f2-a505-d17e8e2a5bc9;2022-12-28T05:47:00Z;70.755;70.7575;70.8225;70.755;890;
5fe6df61-6c55-45f2-a505-d17e8e2a5bc9;2022-12-28T05:48:00Z;70.8025;70.7775;70.825;70.7525;1379;
5fe6df61-6c55-45f2-a505-d17e8e2a5bc9;2022-12-28T05:49:00Z;70.76;70.825;70.835;70.76;6877;
5fe6df61-6c55-45f2-a505-d17e8e2a5bc9;2022-12-28T05:50:00Z;70.8325;70.8;70.85;70.7525;4898;
5fe6df61-6c55-45f2-a505-d17e8e2a5bc9;2022-12-28T05:51:00Z;70.7525;70.83;70.83;70.7525;1427;
5fe6df61-6c55-45f2-a505-d17e8e2a5bc9;2022-12-28T05:52:00Z;70.7875;70.785;70.8275;70.785;2107;
5fe6df61-6c55-45f2-a505-d17e8e2a5bc9;2022-12-28T05:53:00Z;70.8375;70.795;70.86;70.7825;3826;
5fe6df61-6c55-45f2-a505-d17e8e2a5bc9;2022-12-28T05:54:00Z;70.7975;70.8275;70.8575;70.7925;8849;
5fe6df61-6c55-45f2-a505-d17e8e2a5bc9;2022-12-28T05:55:00Z;70.825;70.7925;70.8725;70.7925;4350;
5fe6df61-6c55-45f2-a505-d17e8e2a5bc9;2022-12-28T05:56:00Z;70.795;70.8025;70.8525;70.78;13597;
5fe6df61-6c55-45f2-a505-d17e8e2a5bc9;2022-12-28T05:57:00Z;70.8;70.8025;70.8125;70.76;6406;
5fe6df61-6c55-45f2-a505-d17e8e2a5bc9;2022-12-28T05:58:00Z;70.8075;70.81;70.81;70.755;10318;
5fe6df61-6c55-45f2-a505-d17e8e2a5bc9;2022-12-28T05:59:00Z;70.755;70.765;70.8225;70.755;2660;
5fe6df61-6c55-45f2-a505-d17e8e2a5bc9;2022-12-28T06:00:00Z;70.815;70.78;70.815;70.75;4762;
5fe6df61-6c55-45f2-a505-d17e8e2a5bc9;2022-12-28T06:01:00Z;70.75;70.7675;70.815;70.75;15886;
5fe6df61-6c55-45f2-a505-d17e8e2a5bc9;2022-12-28T06:02:00Z;70.81;70.8;70.81;70.765;18214;
5fe6df61-6c55-45f2-a505-d17e8e2a5bc9;2022-12-28T06:03:00Z;70.765;70.7532;70.805;70.75;1605;
5fe6df61-6c55-45f2-a505-d17e8e2a5bc9;2022-12-28T06:04:00Z;70.775;70.7557;70.775;70.75;5884;
5fe6df61-6c55-45f2-a505-d17e8e2a5bc9;2022-12-28T06:05:00Z;70.7675;70.755;70.775;70.755;18635;
5fe6df61-6c55-45f2-a505-d17e8e2a5bc9;2022-12-28T06:06:00Z;70.775;70.7675;70.7875;70.755;4290;
5fe6df61-6c55-45f2-a505-d17e8e2a5bc9;2022-12-28T06:07:00Z;70.7575;70.755;70.77;70.755;3625;
5fe6df61-6c55-45f2-a505-d17e8e2a5bc9;2022-12-28T06:08:00Z;70.755;70.755;70.7675;70.755;12841;
5fe6df61-6c55-45f2-a505-d17e8e2a5bc9;2022-12-28T06:09:00Z;70.7675;70.755;70.77;70.755;55224;
5fe6df61-6c55-45f2-a505-d17e8e2a5bc9;2022-12-28T06:10:00Z;70.755;70.7225;70.77;70.7;6780;
5fe6df61-6c55-45f2-a505-d17e8e2a5bc9;2022-12-28T06:11:00Z;70.695;70.7143;70.7275;70.6775;18400;
5fe6df61-6c55-45f2-a505-d17e8e2a5bc9;2022-12-28T06:12:00Z;70.6775;70.685;70.725;70.675;33620;
5fe6df61-6c55-45f2-a505-d17e8e2a5bc9;2022-12-28T06:13:00Z;70.7075;70.675;70.7225;70.675;5700;
5fe6df61-6c55-45f2-a505-d17e8e2a5bc9;2022-12-28T06:14:00Z;70.7075;70.6725;70.715;70.6725;22426;
5fe6df61-6c55-45f2-a505-d17e8e2a5bc9;2022-12-28T06:15:00Z;70.6925;70.7175;70.7175;70.6925;2950;
5fe6df61-6c55-45f2-a505-d17e8e2a5bc9;2022-12-28T06:16:00Z;70.6975;70.6975;70.7175;70.6975;7340;
5fe6df61-6c55-45f2-a505-d17e8e2a5bc9;2022-12-28T06:17:00Z;70.6975;70.75;70.75;70.6975;30260;
5fe6df61-6c55-45f2-a505-d17e8e2a5bc9;2022-12-28T06:18:00Z;70.76;70.7575;70.7625;70.7075;4772;
5fe6df61-6c55-45f2-a505-d17e8e2a5bc9;2022-12-28T06:19:00Z;70.7725;70.795;70.795;70.73;4354;
5fe6df61-6c55-45f2-a505-d17e8e2a5bc9;2022-12-28T06:20:00Z;70.7532;70.7125;70.8125;70.7075;25428;
5fe6df61-6c55-45f2-a505-d17e8e2a5bc9;2022-12-28T06:21:00Z;70.7275;70.7;70.73;70.7;8383;
5fe6df61-6c55-45f2-a505-d17e8e2a5bc9;2022-12-28T06:22:00Z;70.7075;70.7;70.7075;70.6825;20615;
5fe6df61-6c55-45f2-a505-d17e8e2a5bc9;2022-12-28T06:23:00Z;70.7;70.72;70.72;70.6925;5960;
5fe6df61-6c55-45f2-a505-d17e8e2a5bc9;2022-12-28T06:24:00Z;70.7007;70.72;70.72;70.6675;3389;
5fe6df61-6c55-45f2-a505-d17e8e2a5bc9;2022-12-28T06:25:00Z;70.6825;70.725;70.725;70.6725;9199;
5fe6df61-6c55-45f2-a505-d17e8e2a5bc9;2022-12-28T06:26:00Z;70.7;70.72;70.72;70.69;2079;
5fe6df61-6c55-45f2-a505-d17e8e2a5bc9;2022-12-28T06:27:00Z;70.72;70.725;70.725;70.69;6072;
5fe6df61-6c55-45f2-a505-d17e8e2a5bc9;2022-12-28T06:28:00Z;70.7025;70.7675;70.7675;70.7025;5604;
5fe6df61-6c55-45f2-a505-d17e8e2a5bc9;2022-12-28T06:29:00Z;70.73;70.78;70.785;70.73;2240;
5fe6df61-6c55-45f2-a505-d17e8e2a5bc9;2022-12-28T06:30:00Z;70.775;70.7575;70.7875;70.715;2342;
5fe6df61-6c55-45f2-a505-d17e8e2a5bc9;2022-12-28T06:31:00Z;70.75;70.7625;70.765;70.705;31155;
5fe6df61-6c55-45f2-a505-d17e8e2a5bc9;2022-12-28T06:32:00Z;70.7275;70.7522;70.7775;70.7275;4583;
5fe6df61-6c55-45f2-a505-d17e8e2a5bc9;2022-12-28T06:33:00Z;70.7375;70.77;70.7975;70.7375;712;
5fe6df61-6c55-45f2-a505-d17e8e2a5bc9;2022-12-28T06:34:00Z;70.7993;70.9;70.9025;70.7625;5567;
5fe6df61-6c55-45f2-a505-d17e8e2a5bc9;2022-12-28T06:35:00Z;70.905;70.905;70.91;70.885;153475;
5fe6df61-6c55-45f2-a505-d17e8e2a5bc9;2022-12-28T06:36:00Z;70.885;70.75;70.91;70.75;260701;
5fe6df61-6c55-45f2-a505-d17e8e2a5bc9;2022-12-28T06:37:00Z;70.75;70.8075;70.8175;70.75;165551;
5fe6df61-6c55-45f2-a505-d17e8e2a5bc9;2022-12-28T06:38:00Z;70.7825;70.8125;70.855;70.7825;209360;
5fe6df61-6c55-45f2-a505-d17e8e2a5bc9;2022-12-28T06:39:00Z;70.785;70.86;70.86;70.785;258528;
5fe6df61-6c55-45f2-a505-d17e8e2a5bc9;2022-12-28T06:40:00Z;70.86;70.8175;70.86;70.815;120014;
5fe6df61-6c55-45f2-a505-d17e8e2a5bc9;2022-12-28T06:41:00Z;70.8125;70.87;70.87;70.81;6567;
5fe6df61-6c55-45f2-a505-d17e8e2a5bc9;2022-12-28T06:42:00Z;70.87;70.8668;70.87;70.8525;7115;
5fe6df61-6c55-45f2-a505-d17e8e2a5bc9;2022-12-28T06:43:00Z;70.87;70.855;70.87;70.855;2067;
5fe6df61-6c55-45f2-a505-d17e8e2a5bc9;2022-12-28T06:44:00Z;70.87;70.8658;70.87;70.855;3289;
5fe6df61-6c55-45f2-a505-d17e8e2a5bc9;2022-12-28T06:45:00Z;70.865;70.845;70.87;70.845;61768;
5fe6df61-6c55-45f2-a505-d17e8e2a5bc9;2022-12-28T06:46:00Z;70.845;70.855;70.865;70.8425;49729;
5fe6df61-6c55-45f2-a505-d17e8e2a5bc9;2022-12-28T06:47:00Z;70.8475;70.8325;70.85;70.81;1047;
5fe6df61-6c55-45f2-a505-d17e8e2a5bc9;2022-12-28T06:48:00Z;70.81;70.775;70.8325;70.775;4721;
5fe6df61-6c55-45f2-a505-d17e8e2a5bc9;2022-12-28T06:49:00Z;70.7975;70.75;70.7975;70.725;1796;
5fe6df61-6c55-45f2-a505-d17e8e2a5bc9;2022-12-28T06:50:00Z;70.725;70.7375;70.76;70.71;31204;
5fe6df61-6c55-45f2-a505-d17e8e2a5bc9;2022-12-28T06:51:00Z;70.7275;70.775;70.775;70.7275;7379;
5fe6df61-6c55-45f2-a505-d17e8e2a5bc9;2022-12-28T06:52:00Z;70.7425;70.7925;70.7925;70.7425;6110;
5fe6df61-6c55-45f2-a505-d17e8e2a5bc9;2022-12-28T06:53:00Z;70.7925;70.705;70.7925;70.7;12227;
5fe6df61-6c55-45f2-a505-d17e8e2a5bc9;2022-12-28T06:54:00Z;70.725;70.7493;70.75;70.7025;18034;
5fe6df61-6c55-45f2-a505-d17e8e2a5bc9;2022-12-28T06:55:00Z;70.75;71.5838;71.604;70.1663;337088;
5fe6df61-6c55-45f2-a505-d17e8e2a5bc9;2022-12-28T06:56:00Z;70.875;70.73;71.604;70.1663;787637;
5fe6df61-6c55-45f2-a505-d17e8e2a5bc9;2022-12-28T06:57:00Z;70.895;70.895;71.604;70.1663;1217415;
5fe6df61-6c55-45f2-a505-d17e8e2a5bc9;2022-12-28T06:58:00Z;70.1861;70.1861;71.604;70.1663;946102;
5fe6df61-6c55-45f2-a505-d17e8e2a5bc9;2022-12-28T06:59:00Z;70.895;70.8825;71.604;70.1663;900587;
5fe6df61-6c55-45f2-a505-d17e8e2a5bc9;2022-12-28T07:00:00Z;71.5914;70.895;71.604;70.1663;846897;
5fe6df61-6c55-45f2-a505-d17e8e2a5bc9;2022-12-28T07:01:00Z;70.895;70.895;71.604;70.1663;691449;
5fe6df61-6c55-45f2-a505-d17e8e2a5bc9;2022-12-28T07:02:00Z;70.895;70.1787;71.604;70.1663;702575;
5fe6df61-6c55-45f2-a505-d17e8e2a5bc9;2022-12-28T07:03:00Z;70.1787;70.8825;71.604;70.1663;808026;
5fe6df61-6c55-45f2-a505-d17e8e2a5bc9;2022-12-28T07:04:00Z;70.8825;71.5914;71.604;70.1737;725779;
5fe6df61-6c55-45f2-a505-d17e8e2a5bc9;2022-12-28T07:05:00Z;71.5914;70.8825;71.5914;70.1292;953156;
5fe6df61-6c55-45f2-a505-d17e8e2a5bc9;2022-12-28T07:06:00Z;70.8825;70.8925;71.6015;70.1292;622470;
5fe6df61-6c55-45f2-a505-d17e8e2a5bc9;2022-12-28T07:07:00Z;71.6015;70.1613;71.6015;70.1292;767571;
5fe6df61-6c55-45f2-a505-d17e8e2a5bc9;2022-12-28T07:08:00Z;71.5787;70.8375;71.5914;70.1292;926437;
5fe6df61-6c55-45f2-a505-d17e8e2a5bc9;2022-12-28T07:09:00Z;70.8375;70.8375;71.5914;70.1044;1170470;
5fe6df61-6c55-45f2-a505-d17e8e2a5bc9;2022-12-28T07:10:00Z;70.8375;70.855;71.5914;70.1044;876830;
5fe6df61-6c55-45f2-a505-d17e8e2a5bc9;2022-12-28T07:11:00Z;71.5636;71.5207;71.5914;70.092;722557;
5fe6df61-6c55-45f2-a505-d17e8e2a5bc9;2022-12-28T07:12:00Z;71.5207;70.1292;71.5661;70.0524;863273;
5fe6df61-6c55-45f2-a505-d17e8e2a5bc9;2022-12-28T07:13:00Z;70.8375;71.5207;71.5661;70.0524;772417;
5fe6df61-6c55-45f2-a505-d17e8e2a5bc9;2022-12-28T07:14:00Z;70.8125;70.8125;71.6015;70.0524;733247;
5fe6df61-6c55-45f2-a505-d17e8e2a5bc9;2022-12-28T07:15:00Z;70.8125;70.915;71.5207;70.0524;473633;
5fe6df61-6c55-45f2-a505-d17e8e2a5bc9;2022-12-28T07:16:00Z;70.94;70.9375;70.995;70.895;15828;
5fe6df61-6c55-45f2-a505-d17e8e2a5bc9;2022-12-28T07:17:00Z;70.94;70.95;70.96;70.86;20874;
5fe6df61-6c55-45f2-a505-d17e8e2a5bc9;2022-12-28T07:18:00Z;70.965;71.02;71.1;70.955;30597;
5fe6df61-6c55-45f2-a505-d17e8e2a5bc9;2022-12-28T07:19:00Z;71.0293;71.03;71.0425;71.0025;16955;
5fe6df61-6c55-45f2-a505-d17e8e2a5bc9;2022-12-28T07:20:00Z;71.03;71.04;71.0432;70.9875;27649;
5fe6df61-6c55-45f2-a505-d17e8e2a5bc9;2022-12-28T07:21:00Z;71.06;71.0925;71.095;71.0325;72908;
5fe6df61-6c55-45f2-a505-d17e8e2a5bc9;2022-12-28T07:22:00Z;71.0975;71.0575;71.0975;71.0224;10084;
5fe6df61-6c55-45f2-a505-d17e8e2a5bc9;2022-12-28T07:23:00Z;71.03;71.0575;71.0625;70.9975;11880;
5fe6df61-6c55-45f2-a505-d17e8e2a5bc9;2022-12-28T07:24:00Z;71.0525;71.0375;71.07;71.02;50797;
5fe6df61-6c55-45f2-a505-d17e8e2a5bc9;2022-12-28T07:25:00Z;71.045;71.0175;71.0475;71.0175;24141;
5fe6df61-6c55-45f2-a505-d17e8e2a5bc9;2022-12-28T07:26:00Z;71.0132;71.045;71.045;71.0075;39690;
5fe6df61-6c55-45f2-a505-d17e8e2a5bc9;2022-12-28T07:27:00Z;71.0401;71.105;71.1075;71.025;34154;
5fe6df61-6c55-45f2-a505-d17e8e2a5bc9;2022-12-28T07:28:00Z;71.105;71.09;71.1125;71.0825;72205;
5fe6df61-6c55-45f2-a505-d17e8e2a5bc9;2022-12-28T07:29:00Z;71.1;71.2225;71.2225;71.095;15618;
5fe6df61-6c55-45f2-a505-d17e8e2a5bc9;2022-12-28T07:30:00Z;71.18;71.1725;71.22;71.1675;22602;
5fe6df61-6c55-45f2-a505-d17e8e2a5bc9;2022-12-28T07:31:00Z;71.1725;71.1125;71.21;71.1;80383;
5fe6df61-6c55-45f2-a505-d17e8e2a5bc9;2022-12-28T07:32:00Z;71.1125;71.1625;71.1625;71.0975;16970;
5fe6df61-6c55-45f2-a505-d17e8e2a5bc9;2022-12-28T07:33:00Z;71.135;71.0425;71.155;71.0425;8097;
5fe6df61-6c55-45f2-a505-d17e8e2a5bc9;2022-12-28T07:34:00Z;71.04;71.055;71.0975;71.04;21119;
5fe6df61-6c55-45f2-a505-d17e8e2a5bc9;2022-12-28T07:35:00Z;71.0675;71.1275;71.1275;71.055;19723;
5fe6df61-6c55-45f2-a505-d17e8e2a5bc9;2022-12-28T07:36:00Z;71.11;71.0825;71.1275;71.06;35681;
5fe6df61-6c55-45f2-a505-d17e8e2a5bc9;2022-12-28T07:37:00Z;71.08;71.07;71.0875;71.06;12879;
5fe6df61-6c55-45f2-a505-d17e8e2a5bc9;2022-12-28T07:38:00Z;71.1;71.0725;71.1;71.0475;24500;
5fe6df61-6c55-45f2-a505-d17e8e2a5bc9;2022-12-28T07:39:00Z;71.0675;71.0647;71.0775;71.0375;9549;
5fe6df61-6c55-45f2-a505-d17e8e2a5bc9;2022-12-28T07:40:00Z;71.065;71.025;71.085;71.025;22125;
5fe6df61-6c55-45f2-a505-d17e8e2a5bc9;2022-12-28T07:41:00Z;71.05;71.0475;71.0675;71.03;8164;
5fe6df61-6c55-45f2-a505-d17e8e2a5bc9;2022-12-28T07:42:00Z;71.045;71.0425;71.0725;71.035;52981;
5fe6df61-6c55-45f2-a505-d17e8e2a5bc9;2022-12-28T07:43:00Z;71.0525;71.0075;71.0525;71.0075;65247;
5fe6df61-6c55-45f2-a505-d17e8e2a5bc9;2022-12-28T07:44:00Z;71;70.9875;71.0175;70.9325;9531;
5fe6df61-6c55-45f2-a505-d17e8e2a5bc9;2022-12-28T07:45:00Z;70.925;70.9759;71.0075;70.925;196366;
5fe6df61-6c55-45f2-a505-d17e8e2a5bc9;2022-12-28T07:46:00Z;70.98;71.0025;71.005;70.9675;72147;
5fe6df61-6c55-45f2-a505-d17e8e2a5bc9;2022-12-28T07:47:00Z;71.0025;71;71.0075;70.9775;44494;
5fe6df61-6c55-45f2-a505-d17e8e2a5bc9;2022-12-28T07:48:00Z;70.9875;70.965;71.01;70.9575;78489;
5fe6df61-6c55-45f2-a505-d17e8e2a5bc9;2022-12-28T07:49:00Z;70.965;70.96;70.9775;70.955;14556;
5fe6df61-6c55-45f2-a505-d17e8e2a5bc9;2022-12-28T07:50:00Z;70.9725;70.9475;70.975;70.93;16274;
5fe6df61-6c55-45f2-a505-d17e8e2a5bc9;2022-12-28T07:51:00Z;70.9575;70.9425;70.965;70.925;4178;
5fe6df61-6c55-45f2-a505-d17e8e2a5bc9;2022-12-28T07:52:00Z;70.9525;70.9425;70.965;70.9425;5541;
5fe6df61-6c55-45f2-a505-d17e8e2a5bc9;2022-12-28T07:53:00Z;70.965;70.925;70.965;70.92;35980;
5fe6df61-6c55-45f2-a505-d17e8e2a5bc9;2022-12-28T07:54:00Z;70.94;70.955;70.955;70.9275;7644;
5fe6df61-6c55-45f2-a505-d17e8e2a5bc9;2022-12-28T07:55:00Z;70.95;70.9475;70.965;70.9475;10676;
5fe6df61-6c55-45f2-a505-d17e8e2a5bc9;2022-12-28T07:56:00Z;70.9553;70.9625;70.965;70.95;5394;
5fe6df61-6c55-45f2-a505-d17e8e2a5bc9;2022-12-28T07:57:00Z;70.9625;70.9475;70.965;70.9425;3971;
5fe6df61-6c55-45f2-a505-d17e8e2a5bc9;2022-12-28T07:58:00Z;70.9425;70.935;70.955;70.935;8085;
5fe6df61-6c55-45f2-a505-d17e8e2a5bc9;2022-12-28T07:59:00Z;70.935;70.9575;70.96;70.9325;59945;
5fe6df61-6c55-45f2-a505-d17e8e2a5bc9;2022-12-28T08:00:00Z;70.96;70.96;70.9625;70.9432;9947;
5fe6df61-6c55-45f2-a505-d17e8e2a5bc9;2022-12-28T08:01:00Z;70.9625;70.96;70.9675;70.95;15349;
5fe6df61-6c55-45f2-a505-d17e8e2a5bc9;2022-12-28T08:02:00Z;70.955;70.965;70.9675;70.955;14003;
5fe6df61-6c55-45f2-a505-d17e8e2a5bc9;2022-12-28T08:03:00Z;70.9675;70.9525;70.9675;70.9525;6891;
5fe6df61-6c55-45f2-a505-d17e8e2a5bc9;2022-12-28T08:04:00Z;70.96;70.94;70.96;70.9299;3971;
5fe6df61-6c55-45f2-a505-d17e8e2a5bc9;2022-12-28T08:05:00Z;70.925;70.945;70.97;70.925;11558;
5fe6df61-6c55-45f2-a505-d17e8e2a5bc9;2022-12-28T08:06:00Z;70.95;70.9375;70.965;70.935;1903;
5fe6df61-6c55-45f2-a505-d17e8e2a5bc9;2022-12-28T08:07:00Z;70.9425;70.98;70.98;70.9425;15335;
5fe6df61-6c55-45f2-a505-d17e8e2a5bc9;2022-12-28T08:08:00Z;70.98;70.9875;71.0125;70.98;16622;
5fe6df61-6c55-45f2-a505-d17e8e2a5bc9;2022-12-28T08:09:00Z;71.005;71.0325;71.035;70.985;81701;
5fe6df61-6c55-45f2-a505-d17e8e2a5bc9;2022-12-28T08:10:00Z;71.02;71.055;71.0625;71.015;33635;
5fe6df61-6c55-45f2-a505-d17e8e2a5bc9;2022-12-28T08:11:00Z;71.0482;71.055;71.0675;71.0425;4110;
5fe6df61-6c55-45f2-a505-d17e8e2a5bc9;2022-12-28T08:12:00Z;71.07;71.055;71.0775;71.055;163847;
5fe6df61-6c55-45f2-a505-d17e8e2a5bc9;2022-12-28T08:13:00Z;71.065;71.055;71.07;71.05;33256;
5fe6df61-6c55-45f2-a505-d17e8e2a5bc9;2022-12-28T08:14:00Z;71.065;71.045;71.0675;71.0275;16341;
5fe6df61-6c55-45f2-a505-d17e8e2a5bc9;2022-12-28T08:15:00Z;71.0325;71.0325;71.035;70.995;5892;
5fe6df61-6c55-45f2-a505-d17e8e2a5bc9;2022-12-28T08:16:00Z;71.0225;71.0225;71.0425;71.005;12724;
5fe6df61-6c55-45f2-a505-d17e8e2a5bc9;2022-12-28T08:17:00Z;71.0375;71.0075;71.05;70.9975;18480;
5fe6df61-6c55-45f2-a505-d17e8e2a5bc9;2022-12-28T08:18:00Z;71.02;71.015;71.03;70.9993;10947;
5fe6df61-6c55-45f2-a505-d17e8e2a5bc9;2022-12-28T08:19:00Z;71;71;71.0075;70.9825;32585;
5fe6df61-6c55-45f2-a505-d17e8e2a5bc9;2022-12-28T08:20:00Z;71;70.9875;71;70.98;19930;
5fe6df61-6c55-45f2-a505-d17e8e2a5bc9;2022-12-28T08:21:00Z;70.9975;70.9975;71.005;70.9875;23247;
5fe6df61-6c55-45f2-a505-d17e8e2a5bc9;2022-12-28T08:22:00Z;70.995;71;71.005;70.9925;18083;
5fe6df61-6c55-45f2-a505-d17e8e2a5bc9;2022-12-28T08:23:00Z;71;70.9775;71.01;70.9775;27656;
5fe6df61-6c55-45f2-a505-d17e8e2a5bc9;2022-12-28T08:24:00Z;70.9775;70.99;71;70.9725;88861;
5fe6df61-6c55-45f2-a505-d17e8e2a5bc9;2022-12-28T08:25:00Z;71;70.9825;71;70.9825;34773;
5fe6df61-6c55-45f2-a505-d17e8e2a5bc9;2022-12-28T08:26:00Z;70.985;70.9875;71;70.985;6950;
5fe6df61-6c55-45f2-a505-d17e8e2a5bc9;2022-12-28T08:27:00Z;70.99;70.99;71;70.985;56755;
5fe6df61-6c55-45f2-a505-d17e8e2a5bc9;2022-12-28T08:28:00Z;70.9975;70.995;71;70.9875;13049;
5fe6df61-6c55-45f2-a505-d17e8e2a5bc9;2022-12-28T08:29:00Z;70.9975;71;71;70.99;27010;
5fe6df61-6c55-45f2-a505-d17e8e2a5bc9;2022-12-28T08:30:00Z;71;71.0175;71.03;70.9925;33157;
5fe6df61-6c55-45f2-a505-d17e8e2a5bc9;2022-12-28T08:31:00Z;71.005;70.9999;71.02;70.99;8776;
5fe6df61-6c55-45f2-a505-d17e8e2a5bc9;2022-12-28T08:32:00Z;71.0025;71.0025;71.0025;70.995;11524;
5fe6df61-6c55-45f2-a505-d17e8e2a5bc9;2022-12-28T08:33:00Z;71.005;70.99;71.0225;70.99;71644;
5fe6df61-6c55-45f2-a505-d17e8e2a5bc9;2022-12-28T08:34:00Z;70.995;70.9975;71.005;70.985;3586;
5fe6df61-6c55-45f2-a505-d17e8e2a5bc9;2022-12-28T08:35:00Z;70.9975;71;71.0025;70.98;26050;
5fe6df61-6c55-45f2-a505-d17e8e2a5bc9;2022-12-28T08:36:00Z;71.0068;71;71.01;70.99;9318;
5fe6df61-6c55-45f2-a505-d17e8e2a5bc9;2022-12-28T08:37:00Z;70.99;71.02;71.0275;70.9875;15985;
5fe6df61-6c55-45f2-a505-d17e8e2a5bc9;2022-12-28T08:38:00Z;71.0275;71.0275;71.03;71.015;14980;
5fe6df61-6c55-45f2-a505-d17e8e2a5bc9;2022-12-28T08:39:00Z;71.02;71.0375;71.05;71.0175;18913;
5fe6df61-6c55-45f2-a505-d17e8e2a5bc9;2022-12-28T08:40:00Z;71.02;71.04;71.05;71.02;64564;
5fe6df61-6c55-45f2-a505-d17e8e2a5bc9;2022-12-28T08:41:00Z;71.0475;71.0375;71.0475;71.0175;41626;
5fe6df61-6c55-45f2-a505-d17e8e2a5bc9;2022-12-28T08:42:00Z;71.0475;71.065;71.0725;71.04;17184;
5fe6df61-6c55-45f2-a505-d17e8e2a5bc9;2022-12-28T08:43:00Z;71.05;71.0625;71.075;71.05;8217;
5fe6df61-6c55-45f2-a505-d17e8e2a5bc9;2022-12-28T08:44:00Z;71.0682;71.06;71.075;71.06;5964;
5fe6df61-6c55-45f2-a505-d17e8e2a5bc9;2022-12-28T08:45:00Z;71.06;71.0625;71.0725;71.06;65818;
5fe6df61-6c55-45f2-a505-d17e8e2a5bc9;2022-12-28T08:46:00Z;71.0675;71.0512;71.0725;71.0475;50289;
5fe6df61-6c55-45f2-a505-d17e8e2a5bc9;2022-12-28T08:47:00Z;71.05;71.055;71.0675;71.0475;8277;
5fe6df61-6c55-45f2-a505-d17e8e2a5bc9;2022-12-28T08:48:00Z;71.055;71.0475;71.06;71.045;11948;
5fe6df61-6c55-45f2-a505-d17e8e2a5bc9;2022-12-28T08:49:00Z;71.055;71.06;71.06;71.04;6127;
5fe6df61-6c55-45f2-a505-d17e8e2a5bc9;2022-12-28T08:50:00Z;71.0525;71.0425;71.06;71.0425;10042;
5fe6df61-6c55-45f2-a505-d17e8e2a5bc9;2022-12-28T08:51:00Z;71.055;71.0372;71.055;71.0275;19102;
5fe6df61-6c55-45f2-a505-d17e8e2a5bc9;2022-12-28T08:52:00Z;71.035;71.045;71.0475;71.03;38250;
5fe6df61-6c55-45f2-a505-d17e8e2a5bc9;2022-12-28T08:53:00Z;71.0525;71.05;71.06;71.0425;7026;
5fe6df61-6c55-45f2-a505-d17e8e2a5bc9;2022-12-28T08:54:00Z;71.0575;71.0475;71.06;71.0475;11771;
5fe6df61-6c55-45f2-a505-d17e8e2a5bc9;2022-12-28T08:55:00Z;71.0475;71.0575;71.06;71.0475;6469;
5fe6df61-6c55-45f2-a505-d17e8e2a5bc9;2022-12-28T08:56:00Z;71.0585;71.06;71.0625;71.05;31038;
5fe6df61-6c55-45f2-a505-d17e8e2a5bc9;2022-12-28T08:57:00Z;71.055;71.0625;71.07;71.0525;13392;
5fe6df61-6c55-45f2-a505-d17e8e2a5bc9;2022-12-28T08:58:00Z;71.06;71.055;71.07;71.055;20663;
5fe6df61-6c55-45f2-a505-d17e8e2a5bc9;2022-12-28T08:59:00Z;71.07;71.0625;71.075;71.055;64159;
5fe6df61-6c55-45f2-a505-d17e8e2a5bc9;2022-12-28T09:00:00Z;71.077;71.0725;71.08;71.0575;5332;
5fe6df61-6c55-45f2-a505-d17e8e2a5bc9;2022-12-28T09:01:00Z;71.0725;71.085;71.0875;71.0675;7199;
5fe6df61-6c55-45f2-a505-d17e8e2a5bc9;2022-12-28T09:02:00Z;71.0775;71.1;71.1025;71.0775;50655;
5fe6df61-6c55-45f2-a505-d17e8e2a5bc9;2022-12-28T09:03:00Z;71.095;71.11;71.1275;71.095;15357;
5fe6df61-6c55-45f2-a505-d17e8e2a5bc9;2022-12-28T09:04:00Z;71.12;71.0975;71.12;71.09;49919;
5fe6df61-6c55-45f2-a505-d17e8e2a5bc9;2022-12-28T09:05:00Z;71.0875;71.1007;71.1075;71.0875;16363;
5fe6df61-6c55-45f2-a505-d17e8e2a5bc9;2022-12-28T09:06:00Z;71.0975;71.1175;71.125;71.0975;13729;
5fe6df61-6c55-45f2-a505-d17e8e2a5bc9;2022-12-28T09:07:00Z;71.125;71.14;71.15;71.1125;22953;
5fe6df61-6c55-45f2-a505-d17e8e2a5bc9;2022-12-28T09:08:00Z;71.135;71.145;71.155;71.1325;10516;
5fe6df61-6c55-45f2-a505-d17e8e2a5bc9;2022-12-28T09:09:00Z;71.145;71.15;71.155;71.1425;8965;
5fe6df61-6c55-45f2-a505-d17e8e2a5bc9;2022-12-28T09:10:00Z;71.15;71.14;71.15;71.14;17666;
5fe6df61-6c55-45f2-a505-d17e8e2a5bc9;2022-12-28T09:11:00Z;71.145;71.1375;71.155;71.1375;8209;
5fe6df61-6c55-45f2-a505-d17e8e2a5bc9;2022-12-28T09:12:00Z;71.1425;71.16;71.16;71.14;10167;
5fe6df61-6c55-45f2-a505-d17e8e2a5bc9;2022-12-28T09:13:00Z;71.1575;71.165;71.1775;71.155;3101;
5fe6df61-6c55-45f2-a505-d17e8e2a5bc9;2022-12-28T09:14:00Z;71.1675;71.16;71.1775;71.16;42671;
5fe6df61-6c55-45f2-a505-d17e8e2a5bc9;2022-12-28T09:15:00Z;71.1675;71.1625;71.175;71.16;23841;
5fe6df61-6c55-45f2-a505-d17e8e2a5bc9;2022-12-28T09:16:00Z;71.1625;71.17;71.1725;71.16;20300;
5fe6df61-6c55-45f2-a505-d17e8e2a5bc9;2022-12-28T09:17:00Z;71.165;71.1675;71.175;71.1625;24222;
5fe6df61-6c55-45f2-a505-d17e8e2a5bc9;2022-12-28T09:18:00Z;71.1625;71.1477;71.165;71.1375;12045;
5fe6df61-6c55-45f2-a505-d17e8e2a5bc9;2022-12-28T09:19:00Z;71.1425;71.16;71.165;71.1425;25836;
5fe6df61-6c55-45f2-a505-d17e8e2a5bc9;2022-12-28T09:20:00Z;71.1525;71.16;71.1725;71.15;16753;
5fe6df61-6c55-45f2-a505-d17e8e2a5bc9;2022-12-28T09:21:00Z;71.1525;71.1525;71.175;71.15;13205;
5fe6df61-6c55-45f2-a505-d17e8e2a5bc9;2022-12-28T09:22:00Z;71.16;71.165;71.1675;71.15;40281;
5fe6df61-6c55-45f2-a505-d17e8e2a5bc9;2022-12-28T09:23:00Z;71.16;71.17;71.17;71.16;15497;
5fe6df61-6c55-45f2-a505-d17e8e2a5bc9;2022-12-28T09:24:00Z;71.16;71.16;71.1675;71.155;6684;
5fe6df61-6c55-45f2-a505-d17e8e2a5bc9;2022-12-28T09:25:00Z;71.17;71.1575;71.17;71.155;13533;
5fe6df61-6c55-45f2-a505-d17e8e2a5bc9;2022-12-28T09:26:00Z;71.1625;71.1575;71.1675;71.1485;12723;
5fe6df61-6c55-45f2-a505-d17e8e2a5bc9;2022-12-28T09:27:00Z;71.15;71.14;71.1725;71.135;58190;
5fe6df61-6c55-45f2-a505-d17e8e2a5bc9;2022-12-28T09:28:00Z;71.14;71.14;71.14;71.125;13335;
5fe6df61-6c55-45f2-a505-d17e8e2a5bc9;2022-12-28T09:29:00Z;71.1475;71.15;71.1575;71.14;15947;
5fe6df61-6c55-45f2-a505-d17e8e2a5bc9;2022-12-28T09:30:00Z;71.16;71.1675;71.175;71.1525;8913;
5fe6df61-6c55-45f2-a505-d17e8e2a5bc9;2022-12-28T09:31:00Z;71.1675;71.1778;71.18;71.1675;66208;
5fe6df61-6c55-45f2-a505-d17e8e2a5bc9;2022-12-28T09:32:00Z;71.1725;71.19;71.2;71.1725;7072;
5fe6df61-6c55-45f2-a505-d17e8e2a5bc9;2022-12-28T09:33:00Z;71.19;71.1925;71.205;71.19;12624;
5fe6df61-6c55-45f2-a505-d17e8e2a5bc9;2022-12-28T09:34:00Z;71.2025;71.2;71.2175;71.1825;6540;
5fe6df61-6c55-45f2-a505-d17e8e2a5bc9;2022-12-28T09:35:00Z;71.2175;71.1775;71.2175;71.1725;6238;
5fe6df61-6c55-45f2-a505-d17e8e2a5bc9;2022-12-28T09:36:00Z;71.18;71.1925;71.2;71.175;21116;
5fe6df61-6c55-45f2-a505-d17e8e2a5bc9;2022-12-28T09:37:00Z;71.1975;71.19;71.2;71.1775;8049;
5fe6df61-6c55-45f2-a505-d17e8e2a5bc9;2022-12-28T09:38:00Z;71.1875;71.2;71.2;71.175;16049;
5fe6df61-6c55-45f2-a505-d17e8e2a5bc9;2022-12-28T09:39:00Z;71.189;71.185;71.195;71.175;5300;
5fe6df61-6c55-45f2-a505-d17e8e2a5bc9;2022-12-28T09:40:00Z;71.1925;71.1825;71.1925;71.175;26222;
5fe6df61-6c55-45f2-a505-d17e8e2a5bc9;2022-12-28T09:41:00Z;71.1725;71.155;71.1825;71.145;15496;
5fe6df61-6c55-45f2-a505-d17e8e2a5bc9;2022-12-28T09:42:00Z;71.15;71.1375;71.155;71.125;22787;
5fe6df61-6c55-45f2-a505-d17e8e2a5bc9;2022-12-28T09:43:00Z;71.1225;71.105;71.135;70.94;10025412;
5fe6df61-6c55-45f2-a505-d17e8e2a5bc9;2022-12-28T09:44:00Z;71.1075;71.1075;71.11;71.0975;22662;
5fe6df61-6c55-45f2-a505-d17e8e2a5bc9;2022-12-28T09:45:00Z;71.1;71.1075;71.115;71.095;13371;
5fe6df61-6c55-45f2-a505-d17e8e2a5bc9;2022-12-28T09:46:00Z;71.1075;71.11;71.11;71.1025;38017;
5fe6df61-6c55-45f2-a505-d17e8e2a5bc9;2022-12-28T09:47:00Z;71.11;71.1525;71.17;71.105;39271;
5fe6df61-6c55-45f2-a505-d17e8e2a5bc9;2022-12-28T09:48:00Z;71.15;71.15;71.1725;70.95;10005938;
5fe6df61-6c55-45f2-a505-d17e8e2a5bc9;2022-12-28T09:49:00Z;71.145;71.1375;71.15;71.1375;9408;
5fe6df61-6c55-45f2-a505-d17e8e2a5bc9;2022-12-28T09:50:00Z;71.145;71.145;71.15;71.135;6588;
5fe6df61-6c55-45f2-a505-d17e8e2a5bc9;2022-12-28T09:51:00Z;71.145;71.145;71.185;71.14;13571;
5fe6df61-6c55-45f2-a505-d17e8e2a5bc9;2022-12-28T09:52:00Z;71.145;71.185;71.185;71.145;5574;
5fe6df61-6c55-45f2-a505-d17e8e2a5bc9;2022-12-28T09:53:00Z;71.1825;71.215;71.215;71.1782;6755;
5fe6df61-6c55-45f2-a505-d17e8e2a5bc9;2022-12-28T09:54:00Z;71.215;71.2225;71.2325;71.185;12491;
5fe6df61-6c55-45f2-a505-d17e8e2a5bc9;2022-12-28T09:55:00Z;71.22;71.2275;71.245;71.2125;19254;
5fe6df61-6c55-45f2-a505-d17e8e2a5bc9;2022-12-28T09:56:00Z;71.2425;71.2175;71.2475;71.2175;13395;
5fe6df61-6c55-45f2-a505-d17e8e2a5bc9;2022-12-28T09:57:00Z;71.2375;71.2175;71.245;71.205;51823;
5fe6df61-6c55-45f2-a505-d17e8e2a5bc9;2022-12-28T09:58:00Z;71.2257;71.2225;71.2325;71.2125;51955;
5fe6df61-6c55-45f2-a505-d17e8e2a5bc9;2022-12-28T09:59:00Z;71.235;71.245;71.245;71.22;15653;
5fe6df61-6c55-45f2-a505-d17e8e2a5bc9;2022-12-28T10:00:00Z;71.2375;71.195;71.2425;71.19;47351;
5fe6df61-6c55-45f2-a505-d17e8e2a5bc9;2022-12-28T10:01:00Z;71.2;71.205;71.2175;71.19;2981;
5fe6df61-6c55-45f2-a505-d17e8e2a5bc9;2022-12-28T10:02:00Z;71.2075;71.2;71.2075;71.1875;46796;
5fe6df61-6c55-45f2-a505-d17e8e2a5bc9;2022-12-28T10:03:00Z;71.2;71.2375;71.2475;71.2;9762;
5fe6df61-6c55-45f2-a505-d17e8e2a5bc9;2022-12-28T10:04:00Z;71.24;71.215;71.24;71.205;13723;
5fe6df61-6c55-45f2-a505-d17e8e2a5bc9;2022-12-28T10:05:00Z;71.205;71.23;71.23;71.205;14598;
5fe6df61-6c55-45f2-a505-d17e8e2a5bc9;2022-12-28T10:06:00Z;71.23;71.2275;71.23;71.22;23820;
5fe6df61-6c55-45f2-a505-d17e8e2a5bc9;2022-12-28T10:07:00Z;71.2275;71.2275;71.2325;71.2225;9439;
5fe6df61-6c55-45f2-a505-d17e8e2a5bc9;2022-12-28T10:08:00Z;71.2225;71.2225;71.2375;71.2225;9041;
5fe6df61-6c55-45f2-a505-d17e8e2a5bc9;2022-12-28T10:09:00Z;71.2375;71.2275;71.2375;71.22;11614;
5fe6df61-6c55-45f2-a505-d17e8e2a5bc9;2022-12-28T10:10:00Z;71.2325;71.235;71.24;71.225;27743;
5fe6df61-6c55-45f2-a505-d17e8e2a5bc9;2022-12-28T10:11:00Z;71.2325;71.2475;71.2525;71.2325;16272;
5fe6df61-6c55-45f2-a505-d17e8e2a5bc9;2022-12-28T10:12:00Z;71.2475;71.2725;71.2725;71.2475;22559;
5fe6df61-6c55-45f2-a505-d17e8e2a5bc9;2022-12-28T10:13:00Z;71.27;71.2675;71.27;71.2575;28013;
5fe6df61-6c55-45f2-a505-d17e8e2a5bc9;2022-12-28T10:14:00Z;71.2675;71.2625;71.27;71.26;12311;
5fe6df61-6c55-45f2-a505-d17e8e2a5bc9;2022-12-28T10:15:00Z;71.27;71.2675;71.2725;71.26;5033;
5fe6df61-6c55-45f2-a505-d17e8e2a5bc9;2022-12-28T10:16:00Z;71.2625;71.26;71.2725;71.25;5664147;
5fe6df61-6c55-45f2-a505-d17e8e2a5bc9;2022-12-28T10:17:00Z;71.26;71.2625;71.2625;71.24;9726;
5fe6df61-6c55-45f2-a505-d17e8e2a5bc9;2022-12-28T10:18:00Z;71.2525;71.255;71.26;71.2375;52175;
5fe6df61-6c55-45f2-a505-d17e8e2a5bc9;2022-12-28T10:19:00Z;71.255;71.25;71.2625;71.25;1084;
5fe6df61-6c55-45f2-a505-d17e8e2a5bc9;2022-12-28T10:20:00Z;71.2657;71.28;71.28;71.2525;9258;
5fe6df61-6c55-45f2-a505-d17e8e2a5bc9;2022-12-28T10:21:00Z;71.2675;71.265;71.28;71.2625;65089;
5fe6df61-6c55-45f2-a505-d17e8e2a5bc9;2022-12-28T10:22:00Z;71.2726;71.265;71.28;71.2625;26285;
5fe6df61-6c55-45f2-a505-d17e8e2a5bc9;2022-12-28T10:23:00Z;71.26;71.2775;71.2825;71.2575;7304;
5fe6df61-6c55-45f2-a505-d17e8e2a5bc9;2022-12-28T10:24:00Z;71.2751;71.29;71.29;71.275;13040;
5fe6df61-6c55-45f2-a505-d17e8e2a5bc9;2022-12-28T10:25:00Z;71.275;71.285;71.295;71.275;8462;
5fe6df61-6c55-45f2-a505-d17e8e2a5bc9;2022-12-28T10:26:00Z;71.28;71.2825;71.29;71.27;62567;
5fe6df61-6c55-45f2-a505-d17e8e2a5bc9;2022-12-28T10:27:00Z;71.2825;71.29;71.2975;71.28;3611;
5fe6df61-6c55-45f2-a505-d17e8e2a5bc9;2022-12-28T10:28:00Z;71.29;71.3;71.3075;71.29;16714;
5fe6df61-6c55-45f2-a505-d17e8e2a5bc9;2022-12-28T10:29:00Z;71.295;71.3175;71.3175;71.295;53142;
5fe6df61-6c55-45f2-a505-d17e8e2a5bc9;2022-12-28T10:30:00Z;71.32;71.3035;71.325;71.3;88397;
5fe6df61-6c55-45f2-a505-d17e8e2a5bc9;2022-12-28T10:31:00Z;71.305;71.305;71.315;71.3;8691;
5fe6df61-6c55-45f2-a505-d17e8e2a5bc9;2022-12-28T10:32:00Z;71.32;71.315;71.3225;71.3075;5885;
5fe6df61-6c55-45f2-a505-d17e8e2a5bc9;2022-12-28T10:33:00Z;71.32;71.31;71.32;71.3025;7535;
5fe6df61-6c55-45f2-a505-d17e8e2a5bc9;2022-12-28T10:34:00Z;71.3125;71.3175;71.3175;71.3025;62732;
5fe6df61-6c55-45f2-a505-d17e8e2a5bc9;2022-12-28T10:35:00Z;71.3175;71.325;71.33;71.3125;34554;
5fe6df61-6c55-45f2-a505-d17e8e2a5bc9;2022-12-28T10:36:00Z;71.325;71.3275;71.33;71.3225;89033;
5fe6df61-6c55-45f2-a505-d17e8e2a5bc9;2022-12-28T10:37:00Z;71.33;71.3008;71.33;71.3008;93862;
5fe6df61-6c55-45f2-a505-d17e8e2a5bc9;2022-12-28T10:38:00Z;71.3075;71.325;71.33;71.305;56505;
5fe6df61-6c55-45f2-a505-d17e8e2a5bc9;2022-12-28T10:39:00Z;71.325;71.3175;71.3325;71.3175;33480;
5fe6df61-6c55-45f2-a505-d17e8e2a5bc9;2022-12-28T10:40:00Z;71.33;71.3182;71.33;71.31;6744;
5fe6df61-6c55-45f2-a505-d17e8e2a5bc9;2022-12-28T10:41:00Z;71.3075;71.3099;71.315;71.305;36255;
5fe6df61-6c55-45f2-a505-d17e8e2a5bc9;2022-12-28T10:42:00Z;71.3125;71.2925;71.3125;71.26;40915;
5fe6df61-6c55-45f2-a505-d17e8e2a5bc9;2022-12-28T10:43:00Z;71.2975;71.285;71.3025;71.2775;4443;
5fe6df61-6c55-45f2-a505-d17e8e2a5bc9;2022-12-28T10:44:00Z;71.2875;71.305;71.3175;71.28;11725;
5fe6df61-6c55-45f2-a505-d17e8e2a5bc9;2022-12-28T10:45:00Z;71.3;71.3069;71.325;71.3;14167;
5fe6df61-6c55-45f2-a505-d17e8e2a5bc9;2022-12-28T10:46:00Z;71.3175;71.3;71.3175;71.3;46399;
5fe6df61-6c55-45f2-a505-d17e8e2a5bc9;2022-12-28T10:47:00Z;71.31;71.3075;71.3175;71.295;2961;
5fe6df61-6c55-45f2-a505-d17e8e2a5bc9;2022-12-28T10:48:00Z;71.3075;71.3025;71.315;71.3;11963;
5fe6df61-6c55-45f2-a505-d17e8e2a5bc9;2022-12-28T10:49:00Z;71.324;71.33;71.335;71.305;7479;
5fe6df61-6c55-45f2-a505-d17e8e2a5bc9;2022-12-28T10:50:00Z;71.335;71.345;71.35;71.33;63276;
5fe6df61-6c55-45f2-a505-d17e8e2a5bc9;2022-12-28T10:51:00Z;71.355;71.4;71.4;71.3475;32632;
5fe6df61-6c55-45f2-a505-d17e8e2a5bc9;2022-12-28T10:52:00Z;71.3847;71.3825;71.4575;71.38;23473;
5fe6df61-6c55-45f2-a505-d17e8e2a5bc9;2022-12-28T10:53:00Z;71.3975;71.3825;71.405;71.37;12110;
5fe6df61-6c55-45f2-a505-d17e8e2a5bc9;2022-12-28T10:54:00Z;71.38;71.4;71.4;71.3725;10610;
5fe6df61-6c55-45f2-a505-d17e8e2a5bc9;2022-12-28T10:55:00Z;71.385;71.4075;71.42;71.3825;17533;
5fe6df61-6c55-45f2-a505-d17e8e2a5bc9;2022-12-28T10:56:00Z;71.4075;71.35;71.4275;71.34;35476;
5fe6df61-6c55-45f2-a505-d17e8e2a5bc9;2022-12-28T10:57:00Z;71.3347;71.3407;71.375;70.8825;17515;
5fe6df61-6c55-45f2-a505-d17e8e2a5bc9;2022-12-28T10:58:00Z;71.3375;71.3432;71.355;70.8825;11419;
5fe6df61-6c55-45f2-a505-d17e8e2a5bc9;2022-12-28T10:59:00Z;71.35;71.3557;71.36;71.14;10011127;
5fe6df61-6c55-45f2-a505-d17e8e2a5bc9;2022-12-28T11:00:00Z;71.3525;71.39;71.3975;71.3525;20402;
5fe6df61-6c55-45f2-a505-d17e8e2a5bc9;2022-12-28T11:01:00Z;71.38;71.39;71.4075;71.38;26534;
5fe6df61-6c55-45f2-a505-d17e8e2a5bc9;2022-12-28T11:02:00Z;71.3775;71.405;71.405;71.3675;19001;
5fe6df61-6c55-45f2-a505-d17e8e2a5bc9;2022-12-28T11:03:00Z;71.405;71.41;71.415;71.3925;24398;
5fe6df61-6c55-45f2-a505-d17e8e2a5bc9;2022-12-28T11:04:00Z;71.3925;71.3725;71.4075;71.3725;12422;
5fe6df61-6c55-45f2-a505-d17e8e2a5bc9;2022-12-28T11:05:00Z;71.375;71.405;71.415;71.3725;21943;
5fe6df61-6c55-45f2-a505-d17e8e2a5bc9;2022-12-28T11:06:00Z;71.405;71.4325;71.4325;71.4025;11904;
5fe6df61-6c55-45f2-a505-d17e8e2a5bc9;2022-12-28T11:07:00Z;71.425;71.4275;71.44;71.415;15201;
5fe6df61-6c55-45f2-a505-d17e8e2a5bc9;2022-12-28T11:08:00Z;71.4375;71.5025;71.505;71.435;53839;
5fe6df61-6c55-45f2-a505-d17e8e2a5bc9;2022-12-28T11:09:00Z;71.485;71.545;71.5575;71.15;10058433;
5fe6df61-6c55-45f2-a505-d17e8e2a5bc9;2022-12-28T11:10:00Z;71.5425;71.6025;71.62;71.535;22025;
5fe6df61-6c55-45f2-a505-d17e8e2a5bc9;2022-12-28T11:11:00Z;71.6025;71.71;71.71;71.5925;46036;
5fe6df61-6c55-45f2-a505-d17e8e2a5bc9;2022-12-28T11:12:00Z;71.71;71.38;72.0938;70.6662;229234;
5fe6df61-6c55-45f2-a505-d17e8e2a5bc9;2022-12-28T11:13:00Z;71.38;72.0938;72.0938;70.6662;137015;
5fe6df61-6c55-45f2-a505-d17e8e2a5bc9;2022-12-28T11:14:00Z;71.38;71.38;72.0938;70.6662;115403;
5fe6df61-6c55-45f2-a505-d17e8e2a5bc9;2022-12-28T11:15:00Z;71.38;72.0938;72.0938;70.6662;150494;
5fe6df61-6c55-45f2-a505-d17e8e2a5bc9;2022-12-28T11:16:00Z;71.7475;71.38;72.0938;70.6662;12308494;
5fe6df61-6c55-45f2-a505-d17e8e2a5bc9;2022-12-28T11:17:00Z;72.0938;72.0812;72.0938;70.6539;381606;
5fe6df61-6c55-45f2-a505-d17e8e2a5bc9;2022-12-28T11:18:00Z;72.0812;71.7307;72.0812;70.6539;10067295;
5fe6df61-6c55-45f2-a505-d17e8e2a5bc9;2022-12-28T11:19:00Z;71.7;71.705;71.745;71.6825;21733;
5fe6df61-6c55-45f2-a505-d17e8e2a5bc9;2022-12-28T11:20:00Z;71.6925;71.71;71.7375;71.68;20188;
5fe6df61-6c55-45f2-a505-d17e8e2a5bc9;2022-12-28T11:21:00Z;71.7075;71.7625;71.765;71.7075;14982;
5fe6df61-6c55-45f2-a505-d17e8e2a5bc9;2022-12-28T11:22:00Z;71.76;71.7675;71.77;71.745;5253;
5fe6df61-6c55-45f2-a505-d17e8e2a5bc9;2022-12-28T11:23:00Z;71.7675;71.77;71.7725;71.7625;21228;
5fe6df61-6c55-45f2-a505-d17e8e2a5bc9;2022-12-28T11:24:00Z;71.7775;71.7825;71.8;71.7625;19506;
5fe6df61-6c55-45f2-a505-d17e8e2a5bc9;2022-12-28T11:25:00Z;71.7825;71.7575;71.8;71.74;10016;
5fe6df61-6c55-45f2-a505-d17e8e2a5bc9;2022-12-28T11:26:00Z;71.76;71.785;71.8025;71.76;26898;
5fe6df61-6c55-45f2-a505-d17e8e2a5bc9;2022-12-28T11:27:00Z;71.8;71.8275;71.9;71.785;40838;
5fe6df61-6c55-45f2-a505-d17e8e2a5bc9;2022-12-28T11:28:00Z;71.8;71.8575;71.8625;71.8;25927;
5fe6df61-6c55-45f2-a505-d17e8e2a5bc9;2022-12-28T11:29:00Z;71.855;71.8275;71.8675;71.8;18005;
5fe6df61-6c55-45f2-a505-d17e8e2a5bc9;2022-12-28T11:30:00Z;71.8325;71.785;71.8325;71.78;11930;
5fe6df61-6c55-45f2-a505-d17e8e2a5bc9;2022-12-28T11:31:00Z;71.8;71.795;71.8075;71.7625;20710;
5fe6df61-6c55-45f2-a505-d17e8e2a5bc9;2022-12-28T11:32:00Z;71.7975;71.7975;71.8075;71.765;14687;
5fe6df61-6c55-45f2-a505-d17e8e2a5bc9;2022-12-28T11:33:00Z;71.805;71.8;71.8075;71.7825;12004;
5fe6df61-6c55-45f2-a505-d17e8e2a5bc9;2022-12-28T11:34:00Z;71.795;71.8125;71.8232;71.795;17821;
5fe6df61-6c55-45f2-a505-d17e8e2a5bc9;2022-12-28T11:35:00Z;71.8125;71.805;71.855;71.805;59621;
5fe6df61-6c55-45f2-a505-d17e8e2a5bc9;2022-12-28T11:36:00Z;71.805;71.8025;71.82;71.795;11162;
5fe6df61-6c55-45f2-a505-d17e8e2a5bc9;2022-12-28T11:37:00Z;71.8;71.8175;71.82;71.8;36488;
5fe6df61-6c55-45f2-a505-d17e8e2a5bc9;2022-12-28T11:38:00Z;71.8175;71.8175;71.8225;71.81;11781;
5fe6df61-6c55-45f2-a505-d17e8e2a5bc9;2022-12-28T11:39:00Z;71.8175;71.8175;71.8225;71.815;33749;
5fe6df61-6c55-45f2-a505-d17e8e2a5bc9;2022-12-28T11:40:00Z;71.82;71.855;71.8625;71.8125;16326;
5fe6df61-6c55-45f2-a505-d17e8e2a5bc9;2022-12-28T11:41:00Z;71.855;71.93;71.93;71.855;35132;
5fe6df61-6c55-45f2-a505-d17e8e2a5bc9;2022-12-28T11:42:00Z;71.9225;71.9251;71.9475;71.9;14526;
5fe6df61-6c55-45f2-a505-d17e8e2a5bc9;2022-12-28T11:43:00Z;71.92;71.91;71.9325;71.9075;148661;
5fe6df61-6c55-45f2-a505-d17e8e2a5bc9;2022-12-28T11:44:00Z;71.9225;71.89;71.93;71.8775;26894;
5fe6df61-6c55-45f2-a505-d17e8e2a5bc9;2022-12-28T11:45:00Z;71.88;71.89;71.9125;71.86;15853;
5fe6df61-6c55-45f2-a505-d17e8e2a5bc9;2022-12-28T11:46:00Z;71.89;71.9;71.9053;71.89;17964;
5fe6df61-6c55-45f2-a505-d17e8e2a5bc9;2022-12-28T11:47:00Z;71.91;71.95;71.95;71.9;15437;
5fe6df61-6c55-45f2-a505-d17e8e2a5bc9;2022-12-28T11:48:00Z;71.95;71.935;71.95;71.935;12599;
5fe6df61-6c55-45f2-a505-d17e8e2a5bc9;2022-12-28T11:49:00Z;71.9375;71.94;71.945;71.935;19244;
5fe6df61-6c55-45f2-a505-d17e8e2a5bc9;2022-12-28T11:50:00Z;71.945;71.9425;71.9475;71.94;38920;
5fe6df61-6c55-45f2-a505-d17e8e2a5bc9;2022-12-28T11:51:00Z;71.9475;71.94;71.95;71.935;33567;
5fe6df61-6c55-45f2-a505-d17e8e2a5bc9;2022-12-28T11:52:00Z;71.9425;71.9525;71.9625;71.94;68561;
5fe6df61-6c55-45f2-a505-d17e8e2a5bc9;2022-12-28T11:53:00Z;71.9625;71.9675;71.9725;71.955;34088;
5fe6df61-6c55-45f2-a505-d17e8e2a5bc9;2022-12-28T11:54:00Z;71.9725;71.9725;71.98;71.9675;22945;
5fe6df61-6c55-45f2-a505-d17e8e2a5bc9;2022-12-28T11:55:00Z;71.9725;71.99;71.99;71.9575;43329;
5fe6df61-6c55-45f2-a505-d17e8e2a5bc9;2022-12-28T11:56:00Z;71.99;72;72.015;71.9825;227059;
5fe6df61-6c55-45f2-a505-d17e8e2a5bc9;2022-12-28T11:57:00Z;72.0025;71.9357;72.015;71.9025;46402;
5fe6df61-6c55-45f2-a505-d17e8e2a5bc9;2022-12-28T11:58:00Z;71.9425;72.03;72.03;71.9325;70794;
5fe6df61-6c55-45f2-a505-d17e8e2a5bc9;2022-12-28T11:59:00Z;72.015;72.0168;72.065;71.98;31849;
5fe6df61-6c55-45f2-a505-d17e8e2a5bc9;2022-12-28T12:00:00Z;72;71.9725;72.0275;71.9575;22396;
5fe6df61-6c55-45f2-a505-d17e8e2a5bc9;2022-12-28T12:01:00Z;71.995;71.9525;71.995;71.915;33027;
5fe6df61-6c55-45f2-a505-d17e8e2a5bc9;2022-12-28T12:02:00Z;71.9;71.9925;72.005;71.88;62305;
5fe6df61-6c55-45f2-a505-d17e8e2a5bc9;2022-12-28T12:03:00Z;71.9925;72.0425;72.07;71.9725;36827;
5fe6df61-6c55-45f2-a505-d17e8e2a5bc9;2022-12-28T12:04:00Z;72.025;71.97;72.05;71.9478;42827;
5fe6df61-6c55-45f2-a505-d17e8e2a5bc9;2022-12-28T12:05:00Z;71.985;72.005;72.005;71.9125;44338;
5fe6df61-6c55-45f2-a505-d17e8e2a5bc9;2022-12-28T12:06:00Z;71.9525;71.9675;71.975;71.64;20017381;
5fe6df61-6c55-45f2-a505-d17e8e2a5bc9;2022-12-28T12:07:00Z;71.97;71.9775;71.9775;71.93;13603;
5fe6df61-6c55-45f2-a505-d17e8e2a5bc9;2022-12-28T12:08:00Z;71.92;71.9075;71.935;71.9075;58424;
5fe6df61-6c55-45f2-a505-d17e8e2a5bc9;2022-12-28T12:09:00Z;71.9175;71.9325;71.9325;71.9175;36955;
5fe6df61-6c55-45f2-a505-d17e8e2a5bc9;2022-12-28T12:10:00Z;71.925;71.945;71.9725;71.9225;20967;
5fe6df61-6c55-45f2-a505-d17e8e2a5bc9;2022-12-28T12:11:00Z;71.945;72;72;71.9375;15781;
5fe6df61-6c55-45f2-a505-d17e8e2a5bc9;2022-12-28T12:12:00Z;71.9625;71.985;72.0025;71.9625;32193;
5fe6df61-6c55-45f2-a505-d17e8e2a5bc9;2022-12-28T12:13:00Z;71.99;71.9875;72.0125;71.985;34929;
5fe6df61-6c55-45f2-a505-d17e8e2a5bc9;2022-12-28T12:14:00Z;71.98;71.9825;72.015;71.9675;20202;
5fe6df61-6c55-45f2-a505-d17e8e2a5bc9;2022-12-28T12:15:00Z;71.975;71.9875;72;71.9725;26113;
5fe6df61-6c55-45f2-a505-d17e8e2a5bc9;2022-12-28T12:16:00Z;71.9875;71.9975;72.0025;71.9775;26209;
5fe6df61-6c55-45f2-a505-d17e8e2a5bc9;2022-12-28T12:17:00Z;72.0012;71.9925;72.03;71.9725;31957;
5fe6df61-6c55-45f2-a505-d17e8e2a5bc9;2022-12-28T12:18:00Z;71.9725;71.9875;72;71.9725;16317;
5fe6df61-6c55-45f2-a505-d17e8e2a5bc9;2022-12-28T12:19:00Z;71.9775;72.0175;72.02;71.9625;37891;
5fe6df61-6c55-45f2-a505-d17e8e2a5bc9;2022-12-28T12:20:00Z;72.02;72.02;72.0225;72;40469;
5fe6df61-6c55-45f2-a505-d17e8e2a5bc9;2022-12-28T12:21:00Z;72.01;71.9625;72.0225;71.9575;33710;
5fe6df61-6c55-45f2-a505-d17e8e2a5bc9;2022-12-28T12:22:00Z;71.9575;71.92;71.9775;71.9;41509;
5fe6df61-6c55-45f2-a505-d17e8e2a5bc9;2022-12-28T12:23:00Z;71.92;71.925;71.9325;71.9025;31966;
5fe6df61-6c55-45f2-a505-d17e8e2a5bc9;2022-12-28T12:24:00Z;71.9125;71.9325;71.955;71.91;13744;
5fe6df61-6c55-45f2-a505-d17e8e2a5bc9;2022-12-28T12:25:00Z;71.945;71.9325;71.9475;71.9075;38776;
5fe6df61-6c55-45f2-a505-d17e8e2a5bc9;2022-12-28T12:26:00Z;71.94;71.9325;71.9575;71.93;20841;
5fe6df61-6c55-45f2-a505-d17e8e2a5bc9;2022-12-28T12:27:00Z;71.925;72.0125;72.0157;71.925;24416;
5fe6df61-6c55-45f2-a505-d17e8e2a5bc9;2022-12-28T12:28:00Z;72.015;72.0125;72.08;71.985;46260;
5fe6df61-6c55-45f2-a505-d17e8e2a5bc9;2022-12-28T12:29:00Z;72.0675;71.9825;72.0825;71.98;72705;
5fe6df61-6c55-45f2-a505-d17e8e2a5bc9;2022-12-28T12:30:00Z;71.9825;71.97;72.0025;71.9675;11482;
5fe6df61-6c55-45f2-a505-d17e8e2a5bc9;2022-12-28T12:31:00Z;71.97;71.94;71.985;71.9325;27176;
5fe6df61-6c55-45f2-a505-d17e8e2a5bc9;2022-12-28T12:32:00Z;71.9325;71.9475;71.95;71.9;30620;
5fe6df61-6c55-45f2-a505-d17e8e2a5bc9;2022-12-28T12:33:00Z;71.9325;71.9625;71.9825;71.9325;46581;
5fe6df61-6c55-45f2-a505-d17e8e2a5bc9;2022-12-28T12:34:00Z;71.9625;71.9175;71.9675;71.9075;37582;
5fe6df61-6c55-45f2-a505-d17e8e2a5bc9;2022-12-28T12:35:00Z;71.93;71.9175;71.93;71.9075;20362;
5fe6df61-6c55-45f2-a505-d17e8e2a5bc9;2022-12-28T12:36:00Z;71.91;71.8825;71.9175;71.8;75235;
5fe6df61-6c55-45f2-a505-d17e8e2a5bc9;2022-12-28T12:37:00Z;71.84;71.635;71.84;71.6;71819;
5fe6df61-6c55-45f2-a505-d17e8e2a5bc9;2022-12-28T12:38:00Z;71.5882;71.6553;71.6553;71.55;119289;
5fe6df61-6c55-45f2-a505-d17e8e2a5bc9;2022-12-28T12:39:00Z;71.6375;71.695;71.7025;71.595;47650;
5fe6df61-6c55-45f2-a505-d17e8e2a5bc9;2022-12-28T12:40:00Z;71.7075;71.6925;71.7625;71.6925;68147;
5fe6df61-6c55-45f2-a505-d17e8e2a5bc9;2022-12-28T12:41:00Z;71.685;71.69;71.7125;71.68;22779;
5fe6df61-6c55-45f2-a505-d17e8e2a5bc9;2022-12-28T12:42:00Z;71.69;71.6475;71.695;71.6475;39666;
5fe6df61-6c55-45f2-a505-d17e8e2a5bc9;2022-12-28T12:43:00Z;71.6475;71.71;71.73;71.6475;19594;
5fe6df61-6c55-45f2-a505-d17e8e2a5bc9;2022-12-28T12:44:00Z;71.71;71.77;71.77;71.7075;10587;
5fe6df61-6c55-45f2-a505-d17e8e2a5bc9;2022-12-28T12:45:00Z;71.755;71.7825;71.7825;71.7525;12419;
5fe6df61-6c55-45f2-a505-d17e8e2a5bc9;2022-12-28T12:46:00Z;71.78;71.85;71.8575;71.78;18437;
5fe6df61-6c55-45f2-a505-d17e8e2a5bc9;2022-12-28T12:47:00Z;71.855;71.8825;71.895;71.82;69613;
5fe6df61-6c55-45f2-a505-d17e8e2a5bc9;2022-12-28T12:48:00Z;71.89;71.91;71.9375;71.88;63078;
5fe6df61-6c55-45f2-a505-d17e8e2a5bc9;2022-12-28T12:49:00Z;71.915;71.9;71.9425;71.8975;22742;
5fe6df61-6c55-45f2-a505-d17e8e2a5bc9;2022-12-28T12:50:00Z;71.9;71.8;71.9025;71.78;43826;
5fe6df61-6c55-45f2-a505-d17e8e2a5bc9;2022-12-28T12:51:00Z;71.8;71.9025;71.92;71.7625;52684;
5fe6df61-6c55-45f2-a505-d17e8e2a5bc9;2022-12-28T12:52:00Z;71.91;71.9;71.91;71.9;13182;
5fe6df61-6c55-45f2-a505-d17e8e2a5bc9;2022-12-28T12:53:00Z;71.905;71.9032;71.9125;71.9;15898;
5fe6df61-6c55-45f2-a505-d17e8e2a5bc9;2022-12-28T12:54:00Z;71.9075;71.9025;71.915;71.9;9415;
5fe6df61-6c55-45f2-a505-d17e8e2a5bc9;2022-12-28T12:55:00Z;71.9075;71.9275;71.93;71.9;11351;
5fe6df61-6c55-45f2-a505-d17e8e2a5bc9;2022-12-28T12:56:00Z;71.935;71.935;71.95;71.9275;51360;
5fe6df61-6c55-45f2-a505-d17e8e2a5bc9;2022-12-28T12:57:00Z;71.9325;71.9825;71.995;71.9225;40914;
5fe6df61-6c55-45f2-a505-d17e8e2a5bc9;2022-12-28T12:58:00Z;71.995;71.9825;71.9975;71.9825;27546;
5fe6df61-6c55-45f2-a505-d17e8e2a5bc9;2022-12-28T12:59:00Z;71.9875;71.985;72;71.9775;49327;
5fe6df61-6c55-45f2-a505-d17e8e2a5bc9;2022-12-28T13:00:00Z;71.99;72.005;72.01;71.9825;33300;
5fe6df61-6c55-45f2-a505-d17e8e2a5bc9;2022-12-28T13:01:00Z;72.005;72;72.01;71.9925;28814;
5fe6df61-6c55-45f2-a505-d17e8e2a5bc9;2022-12-28T13:02:00Z;71.995;71.9925;72;71.9925;29380;
5fe6df61-6c55-45f2-a505-d17e8e2a5bc9;2022-12-28T13:03:00Z;71.9925;71.9625;72;71.9325;27493;
5fe6df61-6c55-45f2-a505-d17e8e2a5bc9;2022-12-28T13:04:00Z;71.9625;71.92;71.9625;71.92;30562;
5fe6df61-6c55-45f2-a505-d17e8e2a5bc9;2022-12-28T13:05:00Z;71.92;71.9225;72;71.92;8942;
5fe6df61-6c55-45f2-a505-d17e8e2a5bc9;2022-12-28T13:06:00Z;71.92;71.9425;71.9425;71.92;29424;
5fe6df61-6c55-45f2-a505-d17e8e2a5bc9;2022-12-28T13:07:00Z;71.9425;71.925;72;71.925;12857;
5fe6df61-6c55-45f2-a505-d17e8e2a5bc9;2022-12-28T13:08:00Z;71.94;71.9225;71.94;71.9225;31772;
5fe6df61-6c55-45f2-a505-d17e8e2a5bc9;2022-12-28T13:09:00Z;71.9225;71.925;71.93;71.9125;14126;
5fe6df61-6c55-45f2-a505-d17e8e2a5bc9;2022-12-28T13:10:00Z;71.925;71.855;71.93;71.855;20526;
5fe6df61-6c55-45f2-a505-d17e8e2a5bc9;2022-12-28T13:11:00Z;71.85;71.755;71.8675;71.755;9691;
5fe6df61-6c55-45f2-a505-d17e8e2a5bc9;2022-12-28T13:12:00Z;71.755;71.6975;71.76;71.675;7523;
5fe6df61-6c55-45f2-a505-d17e8e2a5bc9;2022-12-28T13:13:00Z;71.7125;71.715;71.72;71.68;17528;
5fe6df61-6c55-45f2-a505-d17e8e2a5bc9;2022-12-28T13:14:00Z;71.715;71.7125;71.715;71.6625;19241;
5fe6df61-6c55-45f2-a505-d17e8e2a5bc9;2022-12-28T13:15:00Z;71.6875;71.79;71.8025;71.6875;5171;
5fe6df61-6c55-45f2-a505-d17e8e2a5bc9;2022-12-28T13:16:00Z;71.795;71.7975;71.8025;71.7775;18876;
5fe6df61-6c55-45f2-a505-d17e8e2a5bc9;2022-12-28T13:17:00Z;71.8;71.8;71.8075;71.785;71087;
5fe6df61-6c55-45f2-a505-d17e8e2a5bc9;2022-12-28T13:18:00Z;71.8;71.7475;71.8125;71.7425;16108;
5fe6df61-6c55-45f2-a505-d17e8e2a5bc9;2022-12-28T13:19:00Z;71.7575;71.7775;71.785;71.7425;13652;
5fe6df61-6c55-45f2-a505-d17e8e2a5bc9;2022-12-28T13:20:00Z;71.7525;71.7725;71.7775;71.7275;61578;
5fe6df61-6c55-45f2-a505-d17e8e2a5bc9;2022-12-28T13:21:00Z;71.7525;71.695;71.77;71.65;16472;
5fe6df61-6c55-45f2-a505-d17e8e2a5bc9;2022-12-28T13:22:00Z;71.66;71.63;71.66;71.6125;28115;
5fe6df61-6c55-45f2-a505-d17e8e2a5bc9;2022-12-28T13:23:00Z;71.63;71.595;71.64;71.5725;31633;
5fe6df61-6c55-45f2-a505-d17e8e2a5bc9;2022-12-28T13:24:00Z;71.575;71.5975;71.6;71.5575;27734;
5fe6df61-6c55-45f2-a505-d17e8e2a5bc9;2022-12-28T13:25:00Z;71.595;71.64;71.64;71.595;31507;
5fe6df61-6c55-45f2-a505-d17e8e2a5bc9;2022-12-28T13:26:00Z;71.6225;71.67;71.67;71.6125;15988;
5fe6df61-6c55-45f2-a505-d17e8e2a5bc9;2022-12-28T13:27:00Z;71.66;71.6725;71.6875;71.66;50350;
5fe6df61-6c55-45f2-a505-d17e8e2a5bc9;2022-12-28T13:28:00Z;71.6725;71.6375;71.68;71.63;31754;
5fe6df61-6c55-45f2-a505-d17e8e2a5bc9;2022-12-28T13:29:00Z;71.66;71.6675;71.6925;71.6575;15817;
5fe6df61-6c55-45f2-a505-d17e8e2a5bc9;2022-12-28T13:30:00Z;71.6925;71.7;71.72;71.6675;7763;
5fe6df61-6c55-45f2-a505-d17e8e2a5bc9;2022-12-28T13:31:00Z;71.7;71.6775;71.7175;71.675;60244;
5fe6df61-6c55-45f2-a505-d17e8e2a5bc9;2022-12-28T13:32:00Z;71.66;71.6825;71.705;71.6525;37413;
5fe6df61-6c55-45f2-a505-d17e8e2a5bc9;2022-12-28T13:33:00Z;71.6825;71.7125;71.72;71.6825;19166;
5fe6df61-6c55-45f2-a505-d17e8e2a5bc9;2022-12-28T13:34:00Z;71.6925;71.705;71.715;71.6925;5953;
5fe6df61-6c55-45f2-a505-d17e8e2a5bc9;2022-12-28T13:35:00Z;71.7125;71.7375;71.7375;71.705;28823;
5fe6df61-6c55-45f2-a505-d17e8e2a5bc9;2022-12-28T13:36:00Z;71.7275;71.735;71.7528;71.72;18538;
5fe6df61-6c55-45f2-a505-d17e8e2a5bc9;2022-12-28T13:37:00Z;71.7425;71.7825;71.8025;71.735;8682;
5fe6df61-6c55-45f2-a505-d17e8e2a5bc9;2022-12-28T13:38:00Z;71.8;71.815;71.8225;71.7775;17257;
5fe6df61-6c55-45f2-a505-d17e8e2a5bc9;2022-12-28T13:39:00Z;71.815;71.8325;71.85;71.8125;25163;
5fe6df61-6c55-45f2-a505-d17e8e2a5bc9;2022-12-28T13:40:00Z;71.83;71.86;71.8629;71.83;13464;
5fe6df61-6c55-45f2-a505-d17e8e2a5bc9;2022-12-28T13:41:00Z;71.861;71.8375;71.8675;71.81;18127;
5fe6df61-6c55-45f2-a505-d17e8e2a5bc9;2022-12-28T13:42:00Z;71.815;71.81;71.85;71.81;22907;
5fe6df61-6c55-45f2-a505-d17e8e2a5bc9;2022-12-28T13:43:00Z;71.815;71.735;71.8175;71.73;8376;
5fe6df61-6c55-45f2-a505-d17e8e2a5bc9;2022-12-28T13:44:00Z;71.76;71.7375;71.7625;71.7175;20118;
5fe6df61-6c55-45f2-a505-d17e8e2a5bc9;2022-12-28T13:45:00Z;71.7475;71.765;71.82;71.6975;10022883;
5fe6df61-6c55-45f2-a505-d17e8e2a5bc9;2022-12-28T13:46:00Z;71.7875;71.755;71.795;71.7525;11416;
5fe6df61-6c55-45f2-a505-d17e8e2a5bc9;2022-12-28T13:47:00Z;71.7728;71.7775;71.7975;71.065;1521585;
5fe6df61-6c55-45f2-a505-d17e8e2a5bc9;2022-12-28T13:48:00Z;71.795;71.79;71.7975;71.77;20169;
5fe6df61-6c55-45f2-a505-d17e8e2a5bc9;2022-12-28T13:49:00Z;71.79;71.78;71.8;71.3261;336786;
5fe6df61-6c55-45f2-a505-d17e8e2a5bc9;2022-12-28T13:50:00Z;71.7628;71.7825;71.7975;71.7475;46638;
5fe6df61-6c55-45f2-a505-d17e8e2a5bc9;2022-12-28T13:51:00Z;71.7975;71.7825;71.7975;71.78;13424;
5fe6df61-6c55-45f2-a505-d17e8e2a5bc9;2022-12-28T13:52:00Z;71.7925;71.77;71.795;71.77;21618;
5fe6df61-6c55-45f2-a505-d17e8e2a5bc9;2022-12-28T13:53:00Z;71.785;71.75;71.785;71.7175;15973;
5fe6df61-6c55-45f2-a505-d17e8e2a5bc9;2022-12-28T13:54:00Z;71.72;71.6675;71.745;71.655;12336;
5fe6df61-6c55-45f2-a505-d17e8e2a5bc9;2022-12-28T13:55:00Z;71.66;71.72;71.72;71.6475;34993;
5fe6df61-6c55-45f2-a505-d17e8e2a5bc9;2022-12-28T13:56:00Z;71.6875;71.7275;71.7475;71.6875;18498;
5fe6df61-6c55-45f2-a505-d17e8e2a5bc9;2022-12-28T13:57:00Z;71.7275;71.7075;71.7525;71.7075;15749;
5fe6df61-6c55-45f2-a505-d17e8e2a5bc9;2022-12-28T13:58:00Z;71.72;71.7175;71.72;71.695;11984;
5fe6df61-6c55-45f2-a505-d17e8e2a5bc9;2022-12-28T13:59:00Z;71.705;71.675;71.7125;71.6675;25280;
5fe6df61-6c55-45f2-a505-d17e8e2a5bc9;2022-12-28T14:00:00Z;71.675;71.6825;71.715;71.665;19827;
5fe6df61-6c55-45f2-a505-d17e8e2a5bc9;2022-12-28T14:01:00Z;71.68;71.6775;71.6925;71.65;10771;
5fe6df61-6c55-45f2-a505-d17e8e2a5bc9;2022-12-28T14:02:00Z;71.6775;71.67;71.6775;71.6175;15435;
5fe6df61-6c55-45f2-a505-d17e8e2a5bc9;2022-12-28T14:03:00Z;71.6675;71.665;71.6775;71.6375;6369;
5fe6df61-6c55-45f2-a505-d17e8e2a5bc9;2022-12-28T14:04:00Z;71.6625;71.625;71.675;71.615;7915;
5fe6df61-6c55-45f2-a505-d17e8e2a5bc9;2022-12-28T14:05:00Z;71.625;71.635;71.645;71.62;7235;
5fe6df61-6c55-45f2-a505-d17e8e2a5bc9;2022-12-28T14:06:00Z;71.62;71.62;71.64;71.5875;11885;
5fe6df61-6c55-45f2-a505-d17e8e2a5bc9;2022-12-28T14:07:00Z;71.62;71.5825;71.6275;71.5825;4054;
5fe6df61-6c55-45f2-a505-d17e8e2a5bc9;2022-12-28T14:08:00Z;71.5825;71.62;71.625;71.575;10776;
5fe6df61-6c55-45f2-a505-d17e8e2a5bc9;2022-12-28T14:09:00Z;71.63;71.52;71.6325;71.5;39969;
5fe6df61-6c55-45f2-a505-d17e8e2a5bc9;2022-12-28T14:10:00Z;71.52;71.3925;71.5425;71.3875;14876;
5fe6df61-6c55-45f2-a505-d17e8e2a5bc9;2022-12-28T14:11:00Z;71.3875;71.4875;71.5064;71.3875;24410;
5fe6df61-6c55-45f2-a505-d17e8e2a5bc9;2022-12-28T14:12:00Z;71.4725;71.4925;71.515;71.385;16327;
5fe6df61-6c55-45f2-a505-d17e8e2a5bc9;2022-12-28T14:13:00Z;71.4025;71.4275;71.4475;71.39;11182;
5fe6df61-6c55-45f2-a505-d17e8e2a5bc9;2022-12-28T14:14:00Z;71.4425;71.4875;71.5025;71.425;19663;
5fe6df61-6c55-45f2-a505-d17e8e2a5bc9;2022-12-28T14:15:00Z;71.45;71.535;71.535;71.4475;11847;
5fe6df61-6c55-45f2-a505-d17e8e2a5bc9;2022-12-28T14:16:00Z;71.5575;71.535;71.62;71.5275;13805;
5fe6df61-6c55-45f2-a505-d17e8e2a5bc9;2022-12-28T14:17:00Z;71.5793;71.66;71.66;71.45;14338;
5fe6df61-6c55-45f2-a505-d17e8e2a5bc9;2022-12-28T14:18:00Z;71.66;71.6525;71.6625;71.5975;8276;
5fe6df61-6c55-45f2-a505-d17e8e2a5bc9;2022-12-28T14:19:00Z;71.5825;71.495;71.63;71.48;27320;
5fe6df61-6c55-45f2-a505-d17e8e2a5bc9;2022-12-28T14:20:00Z;71.48;71.5975;71.635;71.45;11109;
5fe6df61-6c55-45f2-a505-d17e8e2a5bc9;2022-12-28T14:21:00Z;71.58;71.56;71.62;71.5475;22503;
5fe6df61-6c55-45f2-a505-d17e8e2a5bc9;2022-12-28T14:22:00Z;71.585;71.545;71.59;71.54;8835;
5fe6df61-6c55-45f2-a505-d17e8e2a5bc9;2022-12-28T14:23:00Z;71.535;71.4675;71.5525;71.45;23929;
5fe6df61-6c55-45f2-a505-d17e8e2a5bc9;2022-12-28T14:24:00Z;71.4875;71.555;71.5975;71.48;17926;
5fe6df61-6c55-45f2-a505-d17e8e2a5bc9;2022-12-28T14:25:00Z;71.5575;71.585;71.61;71.5575;34530;
5fe6df61-6c55-45f2-a505-d17e8e2a5bc9;2022-12-28T14:26:00Z;71.605;71.61;71.61;71.5675;20735;
5fe6df61-6c55-45f2-a505-d17e8e2a5bc9;2022-12-28T14:27:00Z;71.58;71.6075;71.6125;71.5775;4170;
5fe6df61-6c55-45f2-a505-d17e8e2a5bc9;2022-12-28T14:28:00Z;71.5825;71.6125;71.6125;71.58;25806;
5fe6df61-6c55-45f2-a505-d17e8e2a5bc9;2022-12-28T14:29:00Z;71.6175;71.6875;71.6925;71.6125;12572;
5fe6df61-6c55-45f2-a505-d17e8e2a5bc9;2022-12-28T14:30:00Z;71.695;71.6825;71.7075;71.6575;30043;
5fe6df61-6c55-45f2-a505-d17e8e2a5bc9;2022-12-28T14:31:00Z;71.7;71.72;71.72;71.685;14847;
5fe6df61-6c55-45f2-a505-d17e8e2a5bc9;2022-12-28T14:32:00Z;71.71;71.715;71.7175;71.6675;53819;
5fe6df61-6c55-45f2-a505-d17e8e2a5bc9;2022-12-28T14:33:00Z;71.6825;71.71;71.7225;71.6825;29425;
5fe6df61-6c55-45f2-a505-d17e8e2a5bc9;2022-12-28T14:34:00Z;71.7025;71.705;71.7225;71.6975;8913;
5fe6df61-6c55-45f2-a505-d17e8e2a5bc9;2022-12-28T14:35:00Z;71.715;71.7125;71.7225;71.7;58094;
5fe6df61-6c55-45f2-a505-d17e8e2a5bc9;2022-12-28T14:36:00Z;71.7225;71.7075;71.7225;71.6;97525;
5fe6df61-6c55-45f2-a505-d17e8e2a5bc9;2022-12-28T14:37:00Z;71.7075;71.7075;71.7225;71.6975;23276;
5fe6df61-6c55-45f2-a505-d17e8e2a5bc9;2022-12-28T14:38:00Z;71.7075;71.7;71.7225;71.7;41794;
5fe6df61-6c55-45f2-a505-d17e8e2a5bc9;2022-12-28T14:39:00Z;71.7025;71.7;71.73;71.695;30044;
5fe6df61-6c55-45f2-a505-d17e8e2a5bc9;2022-12-28T14:40:00Z;71.7225;71.715;71.7225;71.675;9973;
5fe6df61-6c55-45f2-a505-d17e8e2a5bc9;2022-12-28T14:41:00Z;71.6775;71.6175;71.7075;71.6125;18607;
5fe6df61-6c55-45f2-a505-d17e8e2a5bc9;2022-12-28T14:42:00Z;71.64;71.685;71.715;71.615;8654;
5fe6df61-6c55-45f2-a505-d17e8e2a5bc9;2022-12-28T14:43:00Z;71.685;71.6775;71.72;71.6425;29670;
5fe6df61-6c55-45f2-a505-d17e8e2a5bc9;2022-12-28T14:44:00Z;71.6525;71.67;71.68;71.65;11904;
5fe6df61-6c55-45f2-a505-d17e8e2a5bc9;2022-12-28T14:45:00Z;71.68;71.6525;71.7175;71.64;115253;
5fe6df61-6c55-45f2-a505-d17e8e2a5bc9;2022-12-28T14:46:00Z;71.6875;71.7175;71.7175;71.6325;291412;
5fe6df61-6c55-45f2-a505-d17e8e2a5bc9;2022-12-28T14:47:00Z;71.705;71.7175;71.73;71.685;170395;
5fe6df61-6c55-45f2-a505-d17e8e2a5bc9;2022-12-28T14:48:00Z;71.72;71.7075;71.72;71.695;93756;
5fe6df61-6c55-45f2-a505-d17e8e2a5bc9;2022-12-28T14:49:00Z;71.7075;71.705;71.72;71.6525;12046;
5fe6df61-6c55-45f2-a505-d17e8e2a5bc9;2022-12-28T14:50:00Z;71.67;71.7075;71.72;71.66;27140;
5fe6df61-6c55-45f2-a505-d17e8e2a5bc9;2022-12-28T14:51:00Z;71.7075;71.7275;71.75;71.7075;6511;
5fe6df61-6c55-45f2-a505-d17e8e2a5bc9;2022-12-28T14:52:00Z;71.73;71.77;71.785;71.7275;38256;
5fe6df61-6c55-45f2-a505-d17e8e2a5bc9;2022-12-28T14:53:00Z;71.75;71.785;71.7925;71.75;29054;
5fe6df61-6c55-45f2-a505-d17e8e2a5bc9;2022-12-28T14:54:00Z;71.79;71.775;71.7925;71.75;6506;
5fe6df61-6c55-45f2-a505-d17e8e2a5bc9;2022-12-28T14:55:00Z;71.73;71.7775;71.785;71.7125;69649;
5fe6df61-6c55-45f2-a505-d17e8e2a5bc9;2022-12-28T14:56:00Z;71.7725;71.7675;71.79;71.7475;15310;
5fe6df61-6c55-45f2-a505-d17e8e2a5bc9;2022-12-28T14:57:00Z;71.79;71.775;71.79;71.76;13225;
5fe6df61-6c55-45f2-a505-d17e8e2a5bc9;2022-12-28T14:58:00Z;71.7875;71.81;71.81;71.76;21945;
5fe6df61-6c55-45f2-a505-d17e8e2a5bc9;2022-12-28T14:59:00Z;71.7925;71.8125;71.8125;71.785;14879;
5fe6df61-6c55-45f2-a505-d17e8e2a5bc9;2022-12-28T15:00:00Z;71.8;71.9;71.925;71.8;24508;
5fe6df61-6c55-45f2-a505-d17e8e2a5bc9;2022-12-28T15:01:00Z;71.9;71.9575;71.9575;71.8875;11274;
5fe6df61-6c55-45f2-a505-d17e8e2a5bc9;2022-12-28T15:02:00Z;71.9125;71.905;71.9575;71.89;9000;
5fe6df61-6c55-45f2-a505-d17e8e2a5bc9;2022-12-28T15:03:00Z;71.905;71.96;71.96;71.895;5024;
5fe6df61-6c55-45f2-a505-d17e8e2a5bc9;2022-12-28T15:04:00Z;71.91;71.905;71.96;70.75;6124860;
5fe6df61-6c55-45f2-a505-d17e8e2a5bc9;2022-12-28T15:05:00Z;71.9575;71.98;71.98;71.8975;14967;
5fe6df61-6c55-45f2-a505-d17e8e2a5bc9;2022-12-28T15:06:00Z;71.9475;71.9425;71.98;71.9325;21836;
5fe6df61-6c55-45f2-a505-d17e8e2a5bc9;2022-12-28T15:07:00Z;71.9375;71.94;71.98;71.9325;15082;
5fe6df61-6c55-45f2-a505-d17e8e2a5bc9;2022-12-28T15:08:00Z;71.9275;71.9075;71.9775;71.8825;16172;
5fe6df61-6c55-45f2-a505-d17e8e2a5bc9;2022-12-28T15:09:00Z;71.925;71.935;71.98;71.91;7718;
5fe6df61-6c55-45f2-a505-d17e8e2a5bc9;2022-12-28T15:10:00Z;71.9325;71.945;71.975;71.9075;16760;
5fe6df61-6c55-45f2-a505-d17e8e2a5bc9;2022-12-28T15:11:00Z;71.945;71.9575;71.9725;71.9025;7789;
5fe6df61-6c55-45f2-a505-d17e8e2a5bc9;2022-12-28T15:12:00Z;71.98;71.9775;71.99;71.91;19227;
5fe6df61-6c55-45f2-a505-d17e8e2a5bc9;2022-12-28T15:13:00Z;71.945;71.99;71.99;71.945;24079;
5fe6df61-6c55-45f2-a505-d17e8e2a5bc9;2022-12-28T15:14:00Z;71.9675;71.99;71.99;71.9575;35463;
5fe6df61-6c55-45f2-a505-d17e8e2a5bc9;2022-12-28T15:15:00Z;71.9775;71.9868;71.99;71.9725;61203;
5fe6df61-6c55-45f2-a505-d17e8e2a5bc9;2022-12-28T15:16:00Z;71.98;71.925;71.99;71.9175;65729;
5fe6df61-6c55-45f2-a505-d17e8e2a5bc9;2022-12-28T15:17:00Z;71.955;71.9725;71.99;71.9225;32513;
5fe6df61-6c55-45f2-a505-d17e8e2a5bc9;2022-12-28T15:18:00Z;71.9725;72.005;72.03;71.9725;84975;
5fe6df61-6c55-45f2-a505-d17e8e2a5bc9;2022-12-28T15:19:00Z;72.005;71.995;72.0275;71.995;17731;
5fe6df61-6c55-45f2-a505-d17e8e2a5bc9;2022-12-28T15:20:00Z;71.995;72.03;72.03;71.995;26805;
5fe6df61-6c55-45f2-a505-d17e8e2a5bc9;2022-12-28T15:21:00Z;72.0175;72.02;72.0475;72;25875;
5fe6df61-6c55-45f2-a505-d17e8e2a5bc9;2022-12-28T15:22:00Z;72.02;72.0475;72.06;72.015;26356;
5fe6df61-6c55-45f2-a505-d17e8e2a5bc9;2022-12-28T15:23:00Z;72.0475;72.035;72.0575;72.035;11635;
5fe6df61-6c55-45f2-a505-d17e8e2a5bc9;2022-12-28T15:24:00Z;72.0375;72.04;72.055;71.9975;58346;
5fe6df61-6c55-45f2-a505-d17e8e2a5bc9;2022-12-28T15:25:00Z;72.025;72.025;72.0575;72.02;33613;
5fe6df61-6c55-45f2-a505-d17e8e2a5bc9;2022-12-28T15:26:00Z;72.055;72.04;72.09;72.0175;60420;
5fe6df61-6c55-45f2-a505-d17e8e2a5bc9;2022-12-28T15:27:00Z;72.03;72.05;72.0725;72.02;35638;
5fe6df61-6c55-45f2-a505-d17e8e2a5bc9;2022-12-28T15:28:00Z;72.0375;72.03;72.06;72.03;33500;
5fe6df61-6c55-45f2-a505-d17e8e2a5bc9;2022-12-28T15:29:00Z;72.04;72.035;72.06;72.025;34546;
5fe6df61-6c55-45f2-a505-d17e8e2a5bc9;2022-12-28T15:30:00Z;72.035;72.03;72.055;72.03;36264;
5fe6df61-6c55-45f2-a505-d17e8e2a5bc9;2022-12-28T15:31:00Z;72.03;72.015;72.06;72.015;25469;
5fe6df61-6c55-45f2-a505-d17e8e2a5bc9;2022-12-28T15:32:00Z;72.015;72.0075;72.055;71.9;61334;
5fe6df61-6c55-45f2-a505-d17e8e2a5bc9;2022-12-28T15:33:00Z;71.9225;71.9325;71.9675;71.9225;11830;
5fe6df61-6c55-45f2-a505-d17e8e2a5bc9;2022-12-28T15:34:00Z;71.9275;71.94;71.9675;71.9;19649;
5fe6df61-6c55-45f2-a505-d17e8e2a5bc9;2022-12-28T15:35:00Z;71.9025;71.9725;71.9975;71.9025;13435;
5fe6df61-6c55-45f2-a505-d17e8e2a5bc9;2022-12-28T15:36:00Z;71.9975;72.12;72.12;71.9575;25500;
5fe6df61-6c55-45f2-a505-d17e8e2a5bc9;2022-12-28T15:37:00Z;72.1125;72.18;72.18;72.06;29319;
5fe6df61-6c55-45f2-a505-d17e8e2a5bc9;2022-12-28T15:38:00Z;72.1575;72.115;72.18;72.0975;24068;
5fe6df61-6c55-45f2-a505-d17e8e2a5bc9;2022-12-28T15:39:00Z;72.15;72.1125;72.175;72.11;21918;
5fe6df61-6c55-45f2-a505-d17e8e2a5bc9;2022-12-28T15:40:00Z;72.1275;72.1225;72.175;72.09;22825;
5fe6df61-6c55-45f2-a505-d17e8e2a5bc9;2022-12-28T15:41:00Z;72.1225;72.1075;72.13;72.06;23182;
5fe6df61-6c55-45f2-a505-d17e8e2a5bc9;2022-12-28T15:42:00Z;72.1075;72.0975;72.13;72.0675;26548;
5fe6df61-6c55-45f2-a505-d17e8e2a5bc9;2022-12-28T15:43:00Z;72.0975;72.1025;72.13;72.08;43489;
5fe6df61-6c55-45f2-a505-d17e8e2a5bc9;2022-12-28T15:44:00Z;72.12;72.1025;72.12;72.09;33395;
5fe6df61-6c55-45f2-a505-d17e8e2a5bc9;2022-12-28T15:45:00Z;72.1175;72.1075;72.12;72.1025;25641;
5fe6df61-6c55-45f2-a505-d17e8e2a5bc9;2022-12-28T15:46:00Z;72.1075;72.12;72.12;72.1025;26436;
5fe6df61-6c55-45f2-a505-d17e8e2a5bc9;2022-12-28T15:47:00Z;72.12;72.145;72.18;72.1025;50337;
5fe6df61-6c55-45f2-a505-d17e8e2a5bc9;2022-12-28T15:48:00Z;72.145;72.16;72.18;72.1225;10833;
5fe6df61-6c55-45f2-a505-d17e8e2a5bc9;2022-12-28T15:49:00Z;72.1325;72.1675;72.2025;72.1225;49047;
5fe6df61-6c55-45f2-a505-d17e8e2a5bc9;2022-12-28T15:50:00Z;72.165;72.1825;72.24;72.1375;26916;
5fe6df61-6c55-45f2-a505-d17e8e2a5bc9;2022-12-28T15:51:00Z;72.24;72.2;72.24;72.1825;62648;
5fe6df61-6c55-45f2-a505-d17e8e2a5bc9;2022-12-28T15:52:00Z;72.24;72.2;72.24;72.1925;58392;
5fe6df61-6c55-45f2-a505-d17e8e2a5bc9;2022-12-28T15:53:00Z;72.23;72.1975;72.24;72.1925;30051;
5fe6df61-6c55-45f2-a505-d17e8e2a5bc9;2022-12-28T15:54:00Z;72.2225;72.21;72.24;72.1925;33917;
5fe6df61-6c55-45f2-a505-d17e8e2a5bc9;2022-12-28T15:55:00Z;72.21;72.265;72.27;72.1925;24632;
5fe6df61-6c55-45f2-a505-d17e8e2a5bc9;2022-12-28T15:56:00Z;72.265;72.22;72.27;72.22;19138;
5fe6df61-6c55-45f2-a505-d17e8e2a5bc9;2022-12-28T15:57:00Z;72.22;72.22;72.2775;72.22;26074;
5fe6df61-6c55-45f2-a505-d17e8e2a5bc9;2022-12-28T15:58:00Z;72.275;72.26;72.2775;72.2194;56043;
5fe6df61-6c55-45f2-a505-d17e8e2a5bc9;2022-12-28T15:59:00Z;72.22;72.19;72.26;72.19;20855;
