time,volume,open,close,date
00:00:00,3604600,452,445.9,2019-11-27
00:00:00,2224970,445.45,445.5,2019-11-28
00:00:00,2907480,444.6,441,2019-11-29
00:00:00,3243280,443.4,435.45,2019-12-02
00:00:00,2849710,434.2,433,2019-12-03
00:00:00,3553690,433.4,442.15,2019-12-04
00:00:00,2932430,441,438.4,2019-12-05
00:00:00,2845350,438.4,446,2019-12-06
00:00:00,2006130,448,449,2019-12-09
00:00:00,2593230,448.8,448.85,2019-12-10
00:00:00,3936930,449.45,451.7,2019-12-11
00:00:00,5508850,453.3,452.8,2019-12-12
00:00:00,4586410,456.15,451.1,2019-12-13
00:00:00,3597230,450.8,448.45,2019-12-16
00:00:00,5215360,449.95,454.05,2019-12-17
00:00:00,4389380,453,454.45,2019-12-18
00:00:00,5095820,454.5,451.75,2019-12-19
00:00:00,5244610,452.45,451.75,2019-12-20
00:00:00,2999470,451.7,451,2019-12-23
00:00:00,1574240,451,451.4,2019-12-24
00:00:00,1649040,452,454,2019-12-25
00:00:00,1786410,455.7,452.5,2019-12-26
00:00:00,2784150,453.5,453.5,2019-12-27
00:00:00,3255130,453.4,449.7,2019-12-30
00:00:00,4376800,453.75,456.9,2020-01-03
00:00:00,6828930,459,455.6,2020-01-06
00:00:00,9251220,456,452,2020-01-08
00:00:00,4977360,452.4,460.2,2020-01-09
00:00:00,6695940,459.9,473.5,2020-01-10
00:00:00,4812230,476.65,481.15,2020-01-13
00:00:00,6553240,481.15,475.5,2020-01-14
00:00:00,4595510,474.7,474.5,2020-01-15
00:00:00,4124610,477.95,480.95,2020-01-16
00:00:00,4466590,482.45,485.15,2020-01-17
00:00:00,3130680,488,484.85,2020-01-20
00:00:00,2932730,482.55,486.15,2020-01-21
00:00:00,11724320,486.25,478.15,2020-01-22
00:00:00,4185540,475,473.1,2020-01-23
00:00:00,3300950,475.05,474,2020-01-24
00:00:00,5684600,469.05,468.3,2020-01-27
00:00:00,5883840,472.1,477.7,2020-01-28
00:00:00,6309330,480.5,481.7,2020-01-29
00:00:00,14599820,480.95,481.2,2020-01-30
00:00:00,8598480,485,480.5,2020-01-31
00:00:00,4692830,478.7,479.95,2020-02-03
00:00:00,8782880,481,480,2020-02-04
00:00:00,5659990,481,477,2020-02-05
00:00:00,4759310,478.5,475.6,2020-02-06
00:00:00,16679550,475.5,463.6,2020-02-07
00:00:00,8918200,463.6,450,2020-02-10
00:00:00,7847480,454.85,454.3,2020-02-11
00:00:00,7411680,456.7,465.8,2020-02-12
00:00:00,5200420,463.2,463,2020-02-13
00:00:00,4928520,463,460.5,2020-02-14
00:00:00,2862290,461,464.7,2020-02-17
00:00:00,12455090,462.7,452.2,2020-02-18
00:00:00,10662570,455.25,465.65,2020-02-19
00:00:00,9033880,468,470.4,2020-02-20
00:00:00,6005410,468.1,461.75,2020-02-21
00:00:00,7406410,455.05,443.85,2020-02-25
00:00:00,9702670,441.75,443.7,2020-02-26
00:00:00,9695140,437,422.05,2020-02-27
00:00:00,18913840,416,403.4,2020-02-28
00:00:00,11867380,411,394.5,2020-03-02
00:00:00,11096890,406.95,406,2020-03-03
00:00:00,9096600,403,415.95,2020-03-04
00:00:00,8606580,417.5,410.6,2020-03-05
00:00:00,12793490,406,392.95,2020-03-06
00:00:00,38328490,353.7,326.5,2020-03-10
00:00:00,20738020,332.9,314.05,2020-03-11
00:00:00,29246810,300,277.5,2020-03-12
00:00:00,44712980,261.2,266.25,2020-03-13
00:00:00,31025780,266.25,258.5,2020-03-16
00:00:00,19695180,260.5,249.15,2020-03-17
00:00:00,19316370,244,234,2020-03-18
00:00:00,37674540,237,264.4,2020-03-19
00:00:00,45411190,274.5,287.75,2020-03-20
00:00:00,35837260,275,274,2020-03-23
00:00:00,22742550,300,298.5,2020-03-24
00:00:00,36681020,304.5,304.75,2020-03-25
00:00:00,20497860,304.75,316.2,2020-03-26
00:00:00,13849010,315.9,302.8,2020-03-27
00:00:00,29933870,316.5,301,2020-03-30
00:00:00,25538920,305.1,314.35,2020-03-31
00:00:00,18359340,308,321,2020-04-01
00:00:00,38778560,335,340.5,2020-04-02
00:00:00,37269440,344,345,2020-04-03
00:00:00,18148920,348,343,2020-04-06
00:00:00,28546820,350,339.5,2020-04-07
00:00:00,14035290,337,341.5,2020-04-08
00:00:00,27112760,347.9,353,2020-04-09
00:00:00,12849240,350,344,2020-04-10
00:00:00,9852690,345,336.7,2020-04-13
00:00:00,13264460,339.15,330.95,2020-04-14
00:00:00,19859390,328,307.25,2020-04-15
00:00:00,21559360,308.85,305.75,2020-04-16
00:00:00,14666310,312,313.9,2020-04-17
00:00:00,12229610,310.5,307.9,2020-04-20
00:00:00,25247170,299.2,304,2020-04-21
00:00:00,25009860,299.1,321.95,2020-04-22
00:00:00,22987910,329.6,335,2020-04-23
00:00:00,16539600,334.7,324,2020-04-24
00:00:00,10276660,322.2,322.9,2020-04-27
00:00:00,17584700,320.5,325.1,2020-04-28
00:00:00,15369840,328,337.95,2020-04-29
00:00:00,17148520,343.25,335.65,2020-04-30
00:00:00,8831090,330.55,331,2020-05-04
00:00:00,13975500,337,342.5,2020-05-05
00:00:00,14591870,344,336.65,2020-05-06
00:00:00,12491770,337.15,343,2020-05-07
00:00:00,9550290,344.05,348,2020-05-08
00:00:00,11186970,347.8,351.1,2020-05-12
00:00:00,8913160,350.3,348,2020-05-13
00:00:00,8929200,346,347.15,2020-05-14
00:00:00,9514140,351.2,350.05,2020-05-15
00:00:00,19896670,357.5,375.05,2020-05-18
00:00:00,18944540,376.2,376.5,2020-05-19
00:00:00,14745420,374,380.25,2020-05-20
00:00:00,20892400,378.9,367,2020-05-21
00:00:00,13802870,359.7,364.5,2020-05-22
00:00:00,5287090,366.5,373.95,2020-05-25
00:00:00,10602650,377.8,374.4,2020-05-26
00:00:00,12194760,373.8,374.9,2020-05-27
00:00:00,7373100,376.8,377.45,2020-05-28
00:00:00,10712590,374.05,376.2,2020-05-29
00:00:00,8342370,380,378.7,2020-06-01
00:00:00,13076410,380.55,387,2020-06-02
00:00:00,13929180,390.2,396.95,2020-06-03
00:00:00,8822490,397,390.05,2020-06-04
00:00:00,11598780,394.5,401.95,2020-06-05
00:00:00,12647060,407,400.15,2020-06-08
00:00:00,10121950,403,402,2020-06-09
00:00:00,8811590,401.6,400.3,2020-06-10
00:00:00,15665520,382.9,376.1,2020-06-11
00:00:00,12122290,368.7,366.15,2020-06-15
00:00:00,9207160,372.15,371.4,2020-06-16
00:00:00,6434810,372.55,371.75,2020-06-17
00:00:00,5309220,371.7,373.65,2020-06-18
00:00:00,7039450,376.15,376.15,2020-06-19
00:00:00,5860910,374.55,374.25,2020-06-22
00:00:00,4257880,376.9,375.95,2020-06-23
00:00:00,9320050,366.95,369.8,2020-06-25
00:00:00,3593650,373.05,368.8,2020-06-26
00:00:00,4326180,365.5,364.05,2020-06-29
00:00:00,4138970,365.6,360.8,2020-06-30
00:00:00,3698320,364.05,367.05,2020-07-02
00:00:00,3345410,367.5,364.95,2020-07-03
00:00:00,5171010,367.6,370.1,2020-07-06
00:00:00,3427320,366,366.9,2020-07-07
00:00:00,2852700,366,365.7,2020-07-08
00:00:00,3948680,366.85,363.85,2020-07-09
00:00:00,4244590,361.05,364.5,2020-07-10
00:00:00,5009880,366,356.3,2020-07-13
00:00:00,7437920,355.95,354.4,2020-07-14
00:00:00,8347910,355.1,356,2020-07-15
00:00:00,2854850,357,360.7,2020-07-16
00:00:00,2152460,361,360.5,2020-07-17
00:00:00,3791780,359.35,361,2020-07-20
00:00:00,5282220,362.5,365.6,2020-07-21
00:00:00,3386370,364,362.85,2020-07-22
00:00:00,3228630,366,362.9,2020-07-23
00:00:00,4487370,358.2,359.25,2020-07-24
00:00:00,4490460,361,356.9,2020-07-27
00:00:00,4091640,358.95,356.75,2020-07-28
00:00:00,5483830,356,360,2020-07-29
00:00:00,5663350,359.05,354.25,2020-07-30
00:00:00,4021490,356,356.5,2020-07-31
00:00:00,3730310,356,356.2,2020-08-03
00:00:00,4723740,356.5,360,2020-08-04
00:00:00,7946580,361,364.55,2020-08-05
00:00:00,6136500,365.05,367.7,2020-08-06
00:00:00,4826180,367.8,366.1,2020-08-07
00:00:00,3341230,367.95,366.85,2020-08-10
00:00:00,6201990,369,371.15,2020-08-11
00:00:00,7432810,369,377.7,2020-08-12
00:00:00,10592250,379,389.35,2020-08-13
00:00:00,6088640,387.5,388,2020-08-14
00:00:00,6546720,389.5,387.25,2020-08-17
00:00:00,5600460,388,391.8,2020-08-18
00:00:00,3868960,392.4,387.3,2020-08-19
00:00:00,5242640,385.1,379.95,2020-08-20
00:00:00,4100350,382.05,382.15,2020-08-21
00:00:00,3243240,384.55,388.5,2020-08-24
00:00:00,5975530,389.5,393.45,2020-08-25
00:00:00,5660100,393.05,397.25,2020-08-26
00:00:00,3889140,397.95,390.65,2020-08-27
00:00:00,3497930,389.9,379.45,2020-08-28
00:00:00,7521510,382,371.85,2020-08-31
00:00:00,3558470,375.3,372.3,2020-09-01
00:00:00,4525330,374.15,373.1,2020-09-02
00:00:00,4804100,371,366.95,2020-09-03
00:00:00,5655120,365.75,370.9,2020-09-04
00:00:00,3419960,370,371,2020-09-07
00:00:00,5021740,370.15,367.8,2020-09-08
00:00:00,4596650,367.7,371.05,2020-09-09
00:00:00,4262650,372.05,368.9,2020-09-10
00:00:00,3236060,367,371.45,2020-09-11
00:00:00,3276980,372,372.6,2020-09-14
00:00:00,4047720,374,384.6,2020-09-15
00:00:00,4944730,386.05,384.3,2020-09-16
00:00:00,5337090,383,379.1,2020-09-17
00:00:00,4167400,382.9,378.75,2020-09-18
00:00:00,6772510,376,365.75,2020-09-21
00:00:00,4164420,367.7,372.55,2020-09-22
00:00:00,3812730,375.8,373.2,2020-09-23
00:00:00,3899530,373.2,377.3,2020-09-24
00:00:00,4445740,379,380.45,2020-09-25
00:00:00,3439130,382.35,384.6,2020-09-28
00:00:00,4544310,386,384.2,2020-09-29
00:00:00,3705240,382.95,383.4,2020-09-30
00:00:00,5605640,386.85,385,2020-10-01
00:00:00,5010190,383.5,380.5,2020-10-02
00:00:00,5735200,382.95,390.7,2020-10-05
00:00:00,4592340,392,393.7,2020-10-06
00:00:00,4112860,390,388.35,2020-10-07
00:00:00,4043080,390,391.75,2020-10-08
00:00:00,3073540,393,386.2,2020-10-09
00:00:00,4427040,386.1,384.3,2020-10-12
00:00:00,2537000,384.3,379.5,2020-10-13
00:00:00,3024710,379,385.9,2020-10-14
00:00:00,3617750,384.2,381.1,2020-10-15
00:00:00,3356910,378.75,384,2020-10-16
00:00:00,3105900,385.25,382.45,2020-10-19
00:00:00,2249100,380.1,382.95,2020-10-20
00:00:00,2373960,384.6,384.95,2020-10-21
00:00:00,2908960,382.9,382.1,2020-10-22
00:00:00,2407290,381.8,380.4,2020-10-23
00:00:00,2834990,376.8,375.6,2020-10-26
00:00:00,3056710,375,373.55,2020-10-27
00:00:00,9829480,371.85,351.75,2020-10-28
00:00:00,8015380,353.1,351.8,2020-10-29
00:00:00,5727820,349,351.1,2020-10-30
00:00:00,8455340,346.05,357.2,2020-11-02
00:00:00,8068840,360,375.4,2020-11-03
00:00:00,9371750,378.3,384.35,2020-11-05
00:00:00,6424710,380.25,382.8,2020-11-06
00:00:00,15986400,385.65,403.55,2020-11-09
00:00:00,11053520,395.4,413.45,2020-11-10
00:00:00,16144380,416.4,425.1,2020-11-11
00:00:00,7715290,418,417.1,2020-11-12
00:00:00,6389440,412.3,415.5,2020-11-13
00:00:00,12999200,425,429.55,2020-11-16
00:00:00,15122320,430.9,439.65,2020-11-17
00:00:00,19290660,438,455.5,2020-11-18
00:00:00,9551230,452.15,447.8,2020-11-19
00:00:00,13303290,450.5,462.15,2020-11-20
00:00:00,11212830,467.3,469.5,2020-11-23
00:00:00,8983210,472.5,471.15,2020-11-24
00:00:00,6846430,473.1,473.6,2020-11-25
00:00:00,5962140,473.3,466.55,2020-11-26
00:00:00,6126900,465,459.65,2020-11-27
00:00:00,9270330,457,447.55,2020-11-30
00:00:00,7844700,448.75,444.15,2020-12-01
00:00:00,6806570,445.55,447,2020-12-02
00:00:00,10753510,448.5,436.55,2020-12-03
00:00:00,8596220,439.8,444.85,2020-12-04
00:00:00,5019210,444.6,440.4,2020-12-07
00:00:00,7171410,437.7,430,2020-12-08
00:00:00,7638160,432.55,437,2020-12-09
00:00:00,8115030,434.9,452.15,2020-12-10
00:00:00,6779290,452,447.9,2020-12-11
00:00:00,12588970,449.95,442.45,2020-12-14
00:00:00,8233220,439,449.9,2020-12-15
00:00:00,9849100,452,442.9,2020-12-16
00:00:00,9232940,445.5,442.8,2020-12-17
00:00:00,8758690,441,440.25,2020-12-18
00:00:00,13037520,435.1,419.75,2020-12-21
00:00:00,7584660,419,434.45,2020-12-22
00:00:00,5243500,430,431.2,2020-12-23
00:00:00,3405250,431.2,436.5,2020-12-24
00:00:00,1041010,438,436.5,2020-12-25
00:00:00,2020880,436.25,437,2020-12-28
00:00:00,3303520,438.3,435.15,2020-12-29
00:00:00,5079580,436.45,435.2,2020-12-30
00:00:00,6405540,435.85,442.05,2021-01-04
00:00:00,6728320,436,445.6,2021-01-05
00:00:00,8230020,449.35,454.15,2021-01-06
00:00:00,12774800,465.1,474.55,2021-01-08
00:00:00,8794770,474.55,473,2021-01-11
00:00:00,7084430,475,475,2021-01-12
00:00:00,15295510,477,488.05,2021-01-13
00:00:00,15398010,485,504,2021-01-14
00:00:00,17894440,503,514.3,2021-01-15
00:00:00,10725300,509.95,518.8,2021-01-18
00:00:00,12521140,518.9,510.65,2021-01-19
00:00:00,4876400,510.7,508.9,2021-01-20
00:00:00,9254750,509.3,499.3,2021-01-21
00:00:00,8716870,495,491.15,2021-01-22
00:00:00,7535710,494.2,495.8,2021-01-25
00:00:00,4500790,492.15,493.95,2021-01-26
00:00:00,9582470,495.9,482.2,2021-01-27
00:00:00,6061480,479.85,481.85,2021-01-28
00:00:00,5555870,480.45,475.2,2021-01-29
00:00:00,6890680,475.1,473.6,2021-02-01
00:00:00,10412280,481.15,485.9,2021-02-02
00:00:00,7562080,487.75,488.15,2021-02-03
00:00:00,7944910,490.35,485.75,2021-02-04
00:00:00,7638670,492.45,492.85,2021-02-05
00:00:00,7754570,496,497.7,2021-02-08
00:00:00,6760660,503.8,494.85,2021-02-09
00:00:00,5609350,497.45,490.85,2021-02-10
00:00:00,6678120,490.25,501,2021-02-11
00:00:00,11948910,496.95,504.15,2021-02-12
00:00:00,8829940,513,518.15,2021-02-15
00:00:00,8710180,522.45,528.1,2021-02-16
00:00:00,11449940,525,507.2,2021-02-17
00:00:00,9701350,515,508,2021-02-18
00:00:00,7460830,506,514.1,2021-02-19
00:00:00,909650,512.55,513.25,2021-02-20
00:00:00,4533130,514,511.35,2021-02-22
00:00:00,6758820,511.7,516.8,2021-02-24
00:00:00,13384710,519.45,534.8,2021-02-25
00:00:00,10091350,525.65,525.9,2021-02-26
00:00:00,4875450,527.55,524.05,2021-03-01
00:00:00,4806100,519.5,528.85,2021-03-02
00:00:00,5961110,528.85,535.15,2021-03-03
00:00:00,12458160,535.1,539.7,2021-03-04
00:00:00,13678500,543,556.5,2021-03-05
00:00:00,14355410,559,572,2021-03-09
00:00:00,9582210,568.75,560.5,2021-03-10
00:00:00,9572920,563.05,568,2021-03-11
00:00:00,5964020,572.75,568.6,2021-03-12
00:00:00,9937050,573.15,577.25,2021-03-15
00:00:00,17701530,574.65,572,2021-03-16
00:00:00,15266980,570,554,2021-03-17
00:00:00,12381500,556,559.45,2021-03-18
00:00:00,9333040,543,556.35,2021-03-19
00:00:00,7504320,558.4,562.95,2021-03-22
00:00:00,8310320,560.2,572,2021-03-23
00:00:00,7812840,566.6,570.55,2021-03-24
00:00:00,6836330,568.65,570.2,2021-03-25
00:00:00,10241580,576,579.35,2021-03-26
00:00:00,8312720,579.95,576.2,2021-03-29
00:00:00,6153150,576.5,570.95,2021-03-30
00:00:00,9090060,571.15,570.9,2021-03-31
00:00:00,11609510,574.1,565.05,2021-04-01
00:00:00,1030470,568.9,567,2021-04-02
00:00:00,3143400,567.5,560,2021-04-05
00:00:00,5962740,562.25,547.5,2021-04-06
00:00:00,6156820,547.5,550,2021-04-07
00:00:00,4641120,549.9,547,2021-04-08
00:00:00,6280370,547.55,536.05,2021-04-09
00:00:00,6148360,535,539.35,2021-04-12
00:00:00,4894320,541.25,545.4,2021-04-13
00:00:00,5673330,556,554.4,2021-04-14
00:00:00,6292400,548.7,558.2,2021-04-15
00:00:00,4004590,560.1,553.35,2021-04-16
00:00:00,3372020,552.05,549.05,2021-04-19
00:00:00,5473430,549.9,543.2,2021-04-20
00:00:00,2816320,540.65,544.15,2021-04-21
00:00:00,5874370,547,543.3,2021-04-22
00:00:00,5103090,543,538,2021-04-23
00:00:00,5749850,537.1,530.1,2021-04-26
00:00:00,4251420,531,526.35,2021-04-27
00:00:00,4581390,529,526.8,2021-04-28
00:00:00,6335350,530,527,2021-04-29
00:00:00,5134830,528,525.55,2021-04-30
00:00:00,5110110,526.9,535,2021-05-04
00:00:00,6088920,540,542.25,2021-05-05
00:00:00,4536300,540.5,535.55,2021-05-06
00:00:00,3172170,540,535.55,2021-05-07
00:00:00,5096980,537.45,542.95,2021-05-10
00:00:00,5234470,540,532,2021-05-11
00:00:00,8518710,532.9,548.6,2021-05-12
00:00:00,6448240,540.5,548.35,2021-05-13
00:00:00,4101350,552,545,2021-05-14
00:00:00,3855920,546.95,542,2021-05-17
00:00:00,5984510,546.25,541.05,2021-05-18
00:00:00,4946560,539.7,528.6,2021-05-19
00:00:00,6586410,529.5,517.75,2021-05-20
00:00:00,5374100,516.8,526.85,2021-05-21
00:00:00,3164330,526.8,523.35,2021-05-24
00:00:00,3537160,525.5,524.75,2021-05-25
00:00:00,3751250,526.3,525.35,2021-05-26
00:00:00,4332820,523,522.95,2021-05-27
00:00:00,2880860,523.15,522.9,2021-05-28
00:00:00,2578580,525.9,530.05,2021-05-31
00:00:00,9957480,535.2,542.55,2021-06-01
00:00:00,8904690,545.95,551.5,2021-06-02
00:00:00,15173770,555.45,560.35,2021-06-03
00:00:00,8568190,560.5,557.55,2021-06-04
00:00:00,7112240,554.2,551,2021-06-07
00:00:00,8276890,551,547.2,2021-06-08
00:00:00,7307290,552.65,549.5,2021-06-09
00:00:00,13982910,548.25,538.5,2021-06-10
00:00:00,8149510,539.65,536.2,2021-06-11
00:00:00,4303320,531.6,539.9,2021-06-14
00:00:00,5533760,538.85,536.4,2021-06-15
00:00:00,6749920,537.65,544.65,2021-06-16
00:00:00,15043640,540,538.95,2021-06-17
00:00:00,11472730,537.5,540.85,2021-06-18
00:00:00,5190610,541.95,539.3,2021-06-21
00:00:00,7533880,543,551.05,2021-06-22
00:00:00,19205290,553.3,570,2021-06-23
00:00:00,15285040,570.4,566,2021-06-24
00:00:00,3783440,566,564.7,2021-06-25
00:00:00,7223850,564.7,555,2021-06-28
00:00:00,5994570,554.7,553.05,2021-06-29
00:00:00,14690150,554.9,571.2,2021-06-30
00:00:00,34228650,568.85,581.45,2021-07-01
00:00:00,13340670,580.1,567,2021-07-02
00:00:00,3914980,567.9,567.5,2021-07-05
00:00:00,20639390,570,571,2021-07-06
00:00:00,14465650,571.05,580.25,2021-07-07
00:00:00,13955260,579,581.1,2021-07-08
00:00:00,16854600,581.1,577.85,2021-07-09
00:00:00,4525370,577,579,2021-07-12
00:00:00,7725040,578.6,576,2021-07-13
00:00:00,15586600,576,569,2021-07-14
00:00:00,6020690,567,562.5,2021-07-15
00:00:00,4383120,560.6,563.45,2021-07-16
00:00:00,8438510,558,543.9,2021-07-19
00:00:00,5160450,547.5,547.5,2021-07-20
00:00:00,3754710,546.5,551.9,2021-07-21
00:00:00,3434370,553,553.65,2021-07-22
00:00:00,2498900,554.9,548.85,2021-07-23
00:00:00,3112580,546,552.7,2021-07-26
00:00:00,1969460,551.5,551.2,2021-07-27
00:00:00,2444720,551,554.25,2021-07-28
00:00:00,3636280,555.7,554,2021-07-29
00:00:00,5239520,552.4,544.5,2021-07-30
00:00:00,5239940,545,548.85,2021-08-02
00:00:00,3433460,547.7,551,2021-08-03
00:00:00,4382550,551.5,543.5,2021-08-04
00:00:00,5508910,542.5,548,2021-08-05
00:00:00,4443500,548.95,544.9,2021-08-06
00:00:00,7325400,539.6,545,2021-08-09
00:00:00,7900370,547.5,562.55,2021-08-10
00:00:00,4535030,564,561.8,2021-08-11
00:00:00,5489640,561.45,565.9,2021-08-12
00:00:00,4783860,565.4,558.55,2021-08-13
00:00:00,15427850,556.75,564.4,2021-08-16
00:00:00,9550930,562.95,555,2021-08-17
00:00:00,8539700,557.8,546.95,2021-08-18
00:00:00,11547530,544,537.8,2021-08-19
00:00:00,3354650,537.5,534,2021-08-20
00:00:00,3433260,538,544.85,2021-08-23
00:00:00,5427630,545.9,545,2021-08-24
00:00:00,4318590,544.5,538.5,2021-08-25
00:00:00,3984460,538,531.7,2021-08-26
00:00:00,3078520,533.5,537.8,2021-08-27
00:00:00,2557590,539.5,539.3,2021-08-30
00:00:00,5189530,540,533.6,2021-08-31
00:00:00,4956702,537.1,541.55,2021-09-01
00:00:00,10445139,542.05,550.7,2021-09-02
00:00:00,5483964,551.6,555.4,2021-09-03
00:00:00,3363696,554.95,550.7,2021-09-06
00:00:00,3483193,552,547.3,2021-09-07
00:00:00,7045304,547.5,555.9,2021-09-08
00:00:00,4385872,554.15,541.9,2021-09-09
00:00:00,2329724,545,543.3,2021-09-10
00:00:00,4596073,544.95,559.4,2021-09-13
00:00:00,7742227,560,557.25,2021-09-14
00:00:00,26552756,557,568.1,2021-09-15
00:00:00,17645321,562,576.45,2021-09-16
00:00:00,9406425,579,567.1,2021-09-17
00:00:00,8390029,560,552.5,2021-09-20
00:00:00,9046384,562.3,564.5,2021-09-21
00:00:00,13356331,568.3,586,2021-09-22
00:00:00,12921389,590,598.25,2021-09-23
00:00:00,12949695,598.9,614,2021-09-24
00:00:00,12981662,620,627.85,2021-09-27
00:00:00,18387624,632.35,617.85,2021-09-28
00:00:00,9102529,613.65,618.9,2021-09-29
00:00:00,10305432,624,614.35,2021-09-30
00:00:00,5790521,611,618.45,2021-10-01
00:00:00,46385511,618.45,631.7,2021-10-04
00:00:00,15646714,632,655.25,2021-10-05
00:00:00,16146319,660.85,646,2021-10-06
00:00:00,11235076,647.6,647.95,2021-10-07
00:00:00,8100360,633.65,631,2021-10-08
00:00:00,6910411,639.05,641.55,2021-10-11
00:00:00,4949977,637.5,638.65,2021-10-12
00:00:00,7486303,639,632.85,2021-10-13
00:00:00,10245939,638,640.45,2021-10-14
00:00:00,6751522,644.7,645.45,2021-10-15
00:00:00,5040328,646.75,639.25,2021-10-18
00:00:00,5666390,641,643,2021-10-19
00:00:00,5598282,639.65,643.7,2021-10-20
00:00:00,4594113,638.6,633.3,2021-10-21
00:00:00,3652658,630.15,634.5,2021-10-22
00:00:00,9397125,638.85,655.05,2021-10-25
00:00:00,8829531,655.45,650.8,2021-10-26
00:00:00,6336769,646.5,638.4,2021-10-27
00:00:00,8149348,637.75,641.25,2021-10-28
00:00:00,4389511,640.05,636.1,2021-10-29
00:00:00,3588608,637.3,641.9,2021-11-01
00:00:00,5481861,643,630.2,2021-11-02
00:00:00,5037076,627.1,619.75,2021-11-03
00:00:00,4556011,612.95,626.25,2021-11-05
00:00:00,5018340,633.05,631.7,2021-11-08
00:00:00,4361623,632.5,636.4,2021-11-09
00:00:00,5309285,638,629.8,2021-11-10
00:00:00,5634879,631,634.5,2021-11-11
00:00:00,7934950,633.6,619.2,2021-11-12
00:00:00,3983804,617.8,621.55,2021-11-15
00:00:00,3812445,625.1,621.35,2021-11-16
00:00:00,4422913,621,619.5,2021-11-17
00:00:00,4666564,618.05,614.1,2021-11-18
00:00:00,8018898,617.8,590.5,2021-11-19
00:00:00,12353637,589.75,581,2021-11-22
00:00:00,12185868,578.45,601.95,2021-11-23
00:00:00,5422825,604.3,597.3,2021-11-24
00:00:00,3088103,598,590.9,2021-11-25
00:00:00,9207798,578.55,555.15,2021-11-26
00:00:00,7683973,567,573.25,2021-11-29
00:00:00,10582940,565,566.1,2021-11-30
00:00:00,6594580,573.35,569.95,2021-12-01
00:00:00,10193331,571.95,582,2021-12-02
00:00:00,5532965,584,576.55,2021-12-03
00:00:00,4304227,580,575.55,2021-12-06
00:00:00,7722354,578.5,589.55,2021-12-07
00:00:00,8750566,591,574.95,2021-12-08
00:00:00,4273059,576,578.35,2021-12-09
00:00:00,2666124,578.4,572.1,2021-12-10
00:00:00,8599660,573.4,539.15,2021-12-13
00:00:00,9985523,538.7,550.85,2021-12-14
00:00:00,4985330,551,561.1,2021-12-15
00:00:00,7099026,564,573,2021-12-16
00:00:00,4598339,573,573.2,2021-12-17
00:00:00,3788719,567.7,567.55,2021-12-20
00:00:00,3339751,570.9,575,2021-12-21
00:00:00,5356411,574.95,579.7,2021-12-22
00:00:00,3636344,582.95,579.1,2021-12-23
00:00:00,2327283,578.9,572.05,2021-12-24
00:00:00,3035670,578.8,582,2021-12-27
00:00:00,5291434,581.2,596.2,2021-12-28
00:00:00,4507961,596.65,592,2021-12-29
00:00:00,3426126,592,599,2021-12-30
00:00:00,3164034,599.9,610.95,2022-01-03
00:00:00,2373340,610.9,613.5,2022-01-04
00:00:00,4249845,612.2,590.3,2022-01-05
00:00:00,6581792,588.3,601.6,2022-01-06
00:00:00,5024551,606.1,602,2022-01-10
00:00:00,5411431,602.05,613.6,2022-01-11
00:00:00,7161485,615,627.7,2022-01-12
00:00:00,10155225,625.65,603.3,2022-01-13
00:00:00,11056404,602.35,605.5,2022-01-14
00:00:00,10479095,605,592.55,2022-01-17
00:00:00,28048022,592.65,544.8,2022-01-18
00:00:00,19043304,537,566.9,2022-01-19
00:00:00,10196687,569.05,561.7,2022-01-20
00:00:00,12076946,556.5,564.8,2022-01-21
00:00:00,16367908,564.45,546.9,2022-01-24
00:00:00,15162145,545,548.4,2022-01-25
00:00:00,18073126,548,532.75,2022-01-26
00:00:00,16878954,530,563.2,2022-01-27
00:00:00,11501019,568.8,566.5,2022-01-28
00:00:00,7019548,568,576.95,2022-01-31
00:00:00,7303420,576.95,574.15,2022-02-01
00:00:00,4806895,576,575.7,2022-02-02
00:00:00,4483126,575,569,2022-02-03
00:00:00,23185789,570.35,572,2022-02-04
00:00:00,5983242,570,569.8,2022-02-07
00:00:00,7773641,569.85,570.05,2022-02-08
00:00:00,10680353,571,579,2022-02-09
00:00:00,6254173,579,569.4,2022-02-10
00:00:00,13231332,569.4,547.4,2022-02-11
00:00:00,11824176,547.25,556,2022-02-14
00:00:00,9414647,557.75,565.95,2022-02-15
00:00:00,7720108,566.8,571.55,2022-02-16
00:00:00,13811529,570,549.5,2022-02-17
00:00:00,17350898,550.05,519.5,2022-02-18
00:00:00,59610276,518,438.7,2022-02-21
00:00:00,79540310,438.65,431.3,2022-02-22
00:00:00,70944063,388.35,274.7,2022-02-24
00:00:00,34248855,283,307.95,2022-02-25
00:00:00,18407648,312,360.2,2022-03-24
00:00:00,9973005,370,365.1,2022-03-25
00:00:00,2650920,355,357.95,2022-03-28
00:00:00,6441125,363.9,370,2022-03-29
00:00:00,2292961,390,387,2022-03-30
00:00:00,7611217,393,437.5,2022-03-31
00:00:00,6246314,441,450,2022-04-01
00:00:00,5222709,450.25,443.9,2022-04-04
00:00:00,5777193,445.5,419,2022-04-05
00:00:00,3838103,416.1,405,2022-04-06
00:00:00,3653379,406.95,408.5,2022-04-07
00:00:00,2298336,409.5,403.05,2022-04-08
00:00:00,5475283,403.3,414,2022-04-11
00:00:00,3108892,416.9,412.1,2022-04-12
00:00:00,1896604,413.2,406.05,2022-04-13
00:00:00,1858915,406.05,391,2022-04-14
00:00:00,1786729,392.45,390.5,2022-04-15
00:00:00,1663519,393,384.85,2022-04-18
00:00:00,3366521,384.85,385,2022-04-19
00:00:00,2925126,388,391,2022-04-20
00:00:00,1850516,393.3,388,2022-04-21
00:00:00,2555772,388,397.35,2022-04-22
00:00:00,1433671,395,388.5,2022-04-25
00:00:00,3064679,389.9,391,2022-04-26
00:00:00,3426922,394.25,397.95,2022-04-27
00:00:00,2664461,399,400,2022-04-28
00:00:00,2914034,397.15,409,2022-04-29
00:00:00,1746130,410,396.2,2022-05-04
00:00:00,870253,397.2,397,2022-05-05
00:00:00,832694,395.05,392.3,2022-05-06
00:00:00,989953,393.85,391.55,2022-05-11
00:00:00,2160687,391.55,375,2022-05-12
00:00:00,954972,379,374.95,2022-05-13
00:00:00,1394227,375,378.8,2022-05-16
00:00:00,2140280,382.9,394.7,2022-05-17
00:00:00,2423467,397.35,404,2022-05-18
00:00:00,911286,403,399.6,2022-05-19
00:00:00,2037862,400.35,384.25,2022-05-20
00:00:00,2583258,384.25,367.05,2022-05-23
00:00:00,3592506,366.85,359.2,2022-05-24
00:00:00,3705877,362,378,2022-05-25
00:00:00,4929530,383.5,391.7,2022-05-26
00:00:00,6117847,393.9,401.5,2022-05-27
00:00:00,6980492,407.8,385.1,2022-05-30
00:00:00,2664983,385.1,377,2022-05-31
00:00:00,1989328,374.4,375.95,2022-06-01
00:00:00,2222933,375.25,368.75,2022-06-02
00:00:00,2203658,369.95,365.45,2022-06-03
00:00:00,2853037,368.7,368.8,2022-06-06
00:00:00,2153551,368.8,366.55,2022-06-07
00:00:00,2237505,367.15,372.85,2022-06-08
00:00:00,1825072,377.5,373.25,2022-06-09
00:00:00,1494476,372,369.5,2022-06-10
00:00:00,1519480,369.6,371.6,2022-06-14
00:00:00,2377212,373,375.65,2022-06-15
00:00:00,5984711,376.8,383,2022-06-16
00:00:00,2396152,384,384.45,2022-06-17
00:00:00,2162264,382.3,389.8,2022-06-20
00:00:00,2816910,389.05,381.3,2022-06-21
00:00:00,2707370,380,377.6,2022-06-22
00:00:00,2266866,378,378.4,2022-06-23
00:00:00,1495276,377.9,377,2022-06-24
00:00:00,1275738,377,376.65,2022-06-27
00:00:00,2961498,377,381.85,2022-06-28
00:00:00,2924508,381.9,384.2,2022-06-29
00:00:00,9748439,386,362.25,2022-06-30
00:00:00,6832874,391.85,375.15,2022-07-01
00:00:00,2470625,376.9,371.6,2022-07-04
00:00:00,2647298,372.05,371.5,2022-07-05
00:00:00,2485084,371.55,369.65,2022-07-06
00:00:00,3720956,370.1,364.95,2022-07-07
00:00:00,5692617,343,351.2,2022-07-08
00:00:00,2412523,352.55,343.8,2022-07-11
00:00:00,3581763,342.85,333.5,2022-07-12
00:00:00,3990026,334.45,321,2022-07-13
00:00:00,3528461,320,315.45,2022-07-14
00:00:00,3854047,316.8,330.5,2022-07-15
00:00:00,2778332,334.1,326,2022-07-18
00:00:00,1954556,325.95,320.75,2022-07-19
00:00:00,3149662,322,330,2022-07-20
00:00:00,2400755,330.15,328.2,2022-07-21
00:00:00,3933130,329.4,340,2022-07-22
00:00:00,2019633,338.8,336.6,2022-07-25
00:00:00,2849992,339.5,347,2022-07-26
00:00:00,2825143,347,348.7,2022-07-27
00:00:00,2276250,349.45,344.3,2022-07-28
00:00:00,4179795,343,353,2022-07-29
00:00:00,4268050,354.4,348,2022-08-01
00:00:00,3335172,346.25,335.8,2022-08-02
00:00:00,2721480,337,330.25,2022-08-03
00:00:00,2360475,330.15,324.6,2022-08-04
00:00:00,3256627,325.25,322.7,2022-08-05
00:00:00,2677228,331.5,327.35,2022-08-08
00:00:00,2740773,327.35,339.65,2022-08-09
00:00:00,2095819,339.95,339.5,2022-08-10
00:00:00,2535482,341.1,333,2022-08-11
00:00:00,1385223,332.8,336.2,2022-08-12
00:00:00,1565905,336,335.9,2022-08-15
00:00:00,4034849,337,348,2022-08-16
00:00:00,2333679,348.95,344.1,2022-08-17
00:00:00,1567713,344,346.4,2022-08-18
00:00:00,1069905,346.4,344.8,2022-08-19
00:00:00,1994491,344.4,349.6,2022-08-22
00:00:00,3373950,349,356,2022-08-23
00:00:00,2537144,356.55,358.2,2022-08-24
00:00:00,2195403,358.9,355.6,2022-08-25
00:00:00,1573467,356.25,361.5,2022-08-26
00:00:00,2625823,361.75,367.3,2022-08-29
00:00:00,3837150,367.95,361.3,2022-08-30
00:00:00,5349530,372,368,2022-08-31
00:00:00,5066579,368,373.5,2022-09-01
00:00:00,8655994,375,385.1,2022-09-02
00:00:00,4108844,387,385.1,2022-09-05
00:00:00,8059195,384.95,375.7,2022-09-06
00:00:00,5290241,374.85,375.95,2022-09-07
00:00:00,2764755,375.1,374.4,2022-09-08
00:00:00,3849992,375,378,2022-09-09
00:00:00,3697676,377.55,379.4,2022-09-12
00:00:00,2622775,380.55,373.4,2022-09-13
00:00:00,3978250,373,375.75,2022-09-14
00:00:00,14045156,377,367.3,2022-09-15
00:00:00,7946582,367.2,359.05,2022-09-16
00:00:00,3384080,356.9,358.25,2022-09-19
00:00:00,18178649,356.7,330.9,2022-09-20
00:00:00,12481137,293.4,312.55,2022-09-21
00:00:00,6837722,312.55,315.5,2022-09-22
00:00:00,8329343,315.5,296.7,2022-09-23
00:00:00,14884676,289.95,257.9,2022-09-26
00:00:00,9523283,263,266.95,2022-09-27
00:00:00,6332416,266,263,2022-09-28
00:00:00,8578846,263,256.05,2022-09-29
00:00:00,9072697,258.05,264.05,2022-09-30
00:00:00,8554091,266.15,287.9,2022-10-03
00:00:00,8388426,290,283.75,2022-10-04
00:00:00,13133822,283.35,283,2022-10-05
00:00:00,8280093,285,286.8,2022-10-06
00:00:00,8097460,285,269,2022-10-07
00:00:00,8384294,259.05,277.85,2022-10-10
00:00:00,4617067,278.15,287.3,2022-10-11
00:00:00,5575941,288.3,292,2022-10-12
00:00:00,6551376,292,298.8,2022-10-13
00:00:00,5752266,300,299.55,2022-10-14
00:00:00,7382933,300,313.45,2022-10-17
00:00:00,6869964,315.95,305.45,2022-10-18
00:00:00,6089705,302.5,307.95,2022-10-19
00:00:00,4746672,309.8,310.85,2022-10-20
00:00:00,3572451,310.8,311.3,2022-10-21
00:00:00,3006401,313,313.6,2022-10-24
00:00:00,8605734,312.9,332.4,2022-10-25
00:00:00,10317056,333,340.65,2022-10-26
00:00:00,8425252,341.95,343.85,2022-10-27
00:00:00,5188050,342.2,341.8,2022-10-28
00:00:00,6390418,341.85,333.9,2022-10-31
00:00:00,3212050,334.8,332.35,2022-11-01
00:00:00,4336791,333.1,333.7,2022-11-02
00:00:00,4013967,333.5,335,2022-11-03
00:00:00,12072064,338,356.7,2022-11-07
00:00:00,6710840,356.8,351.95,2022-11-08
00:00:00,5662365,350,348.6,2022-11-09
00:00:00,5938357,348.5,358.25,2022-11-10
00:00:00,8637077,360,356.95,2022-11-11
00:00:00,6922459,357.7,350.85,2022-11-14
00:00:00,7671493,350.5,338.4,2022-11-15
00:00:00,3561778,339.95,342.5,2022-11-16
00:00:00,3693834,342.5,336.95,2022-11-17
00:00:00,2575382,336.7,336.9,2022-11-18
00:00:00,6246229,335.6,331.85,2022-11-21
00:00:00,3800665,331.9,334.95,2022-11-22
00:00:00,3931534,335.8,337.95,2022-11-23
00:00:00,2219775,338.25,334.75,2022-11-24
00:00:00,1948046,334.1,335.9,2022-11-25
00:00:00,4283050,332.8,333.2,2022-11-28
00:00:00,1721270,335.2,335.9,2022-11-29
00:00:00,1229927,336.2,336.25,2022-11-30
00:00:00,1980527,336.5,335.9,2022-12-01
00:00:00,1038146,336,335,2022-12-02
00:00:00,4047744,334.95,340.45,2022-12-05
00:00:00,1942592,341.6,336,2022-12-06
00:00:00,3300935,335.7,335.1,2022-12-07
00:00:00,1120561,336,333.7,2022-12-08
00:00:00,1418948,333.8,336.15,2022-12-09
00:00:00,1587264,336.2,335.2,2022-12-12
00:00:00,1235783,335.95,337.4,2022-12-13
00:00:00,1409300,337.55,333.5,2022-12-14
00:00:00,2224739,333.9,328,2022-12-15
00:00:00,1598226,328,330.9,2022-12-16
00:00:00,1980951,330.95,333,2022-12-19
00:00:00,3294125,334.8,344.15,2022-12-20
00:00:00,3029855,346,345.2,2022-12-21
00:00:00,2018793,346.2,344.7,2022-12-22
00:00:00,1399755,345,343.3,2022-12-23
00:00:00,3576644,343.7,352.4,2022-12-26
00:00:00,2138946,353.15,355.45,2022-12-27
00:00:00,1788879,355.5,355.1,2022-12-28
00:00:00,2429180,354.25,359.6,2022-12-29
00:00:00,2512307,360.45,365.4,2022-12-30
00:00:00,2643653,367.95,368.05,2023-01-03
00:00:00,1805528,366.5,365.8,2023-01-04
00:00:00,1325831,367.2,367.5,2023-01-05
00:00:00,938436,368,367.3,2023-01-06
00:00:00,4351231,368.2,367.95,2023-01-09
00:00:00,5593572,367.3,366.75,2023-01-10
00:00:00,8210630,347.6,347.35,2023-01-11
00:00:00,1530649,347.2,346.85,2023-01-12
00:00:00,1410265,346,346.05,2023-01-13
00:00:00,1712033,346.45,345.8,2023-01-16
00:00:00,2008466,345.7,341.35,2023-01-17
00:00:00,2042642,340.35,344.15,2023-01-18
00:00:00,1693494,343.3,339.8,2023-01-19
00:00:00,2291895,339.9,336.55,2023-01-20
00:00:00,1157821,338.5,340.05,2023-01-23
00:00:00,1842595,340.95,336.75,2023-01-24
00:00:00,1289489,336.55,338.2,2023-01-25
00:00:00,2091926,338.4,335,2023-01-26
00:00:00,1452339,334.9,336.95,2023-01-27
00:00:00,1340095,337.1,337.65,2023-01-30
00:00:00,2100632,337.1,340.75,2023-01-31
00:00:00,2824423,340.95,343,2023-02-01
00:00:00,1679683,344.3,342.1,2023-02-02
00:00:00,1675122,342,341.85,2023-02-03
00:00:00,2997444,341.5,347.1,2023-02-06
00:00:00,5388811,348,355.25,2023-02-07
00:00:00,4779101,355.6,349.85,2023-02-08
00:00:00,2688920,359.25,350.2,2023-02-09
00:00:00,1620413,349.1,351,2023-02-10
00:00:00,1657279,350.25,349.4,2023-02-13
00:00:00,3195234,349.9,344.2,2023-02-14
00:00:00,3435511,343.05,339.6,2023-02-15
00:00:00,1708575,341.25,342.55,2023-02-16
00:00:00,1786096,341.2,345.1,2023-02-17
00:00:00,2427456,345.1,347.1,2023-02-20
00:00:00,3527085,347.1,352.65,2023-02-21
00:00:00,1608166,352.65,353.75,2023-02-22
00:00:00,1165938,354.1,352.45,2023-02-24
00:00:00,2348591,350.3,357.75,2023-02-27
00:00:00,2606115,357.75,358.4,2023-02-28
00:00:00,2672248,359.1,361.4,2023-03-01
00:00:00,3622194,361.7,355.05,2023-03-02
00:00:00,1636566,354.2,358.8,2023-03-03
00:00:00,2482544,361.9,365.35,2023-03-06
00:00:00,2055378,365.35,364.3,2023-03-07
00:00:00,1638082,365,364,2023-03-09
00:00:00,2270142,363,365.9,2023-03-10
00:00:00,3132812,366.2,363.5,2023-03-13
00:00:00,2802893,362.4,364.55,2023-03-14
00:00:00,3635579,365,357.95,2023-03-15
00:00:00,2207801,356.25,359.2,2023-03-16
00:00:00,4452684,360.3,365.2,2023-03-17
00:00:00,6762422,366.3,377.4,2023-03-20
00:00:00,6554255,379.5,371.8,2023-03-21
00:00:00,3346305,371,375.5,2023-03-22
00:00:00,1746571,375.7,374.45,2023-03-23
00:00:00,1230966,375.1,377.25,2023-03-24
00:00:00,2928597,378.95,383.25,2023-03-27
00:00:00,2269477,384.2,381.5,2023-03-28
00:00:00,3176686,383,385.45,2023-03-29
00:00:00,1701137,385.55,386.15,2023-03-30
00:00:00,3095833,386.95,380.9,2023-03-31
00:00:00,6386926,393.8,390.9,2023-04-03
00:00:00,3245886,391.9,390,2023-04-04
00:00:00,2653529,390.3,389.7,2023-04-05
00:00:00,2661881,390,389.8,2023-04-06
00:00:00,1794366,390.75,391.7,2023-04-07
00:00:00,2516249,391.75,393.5,2023-04-10
00:00:00,3450707,395,388.35,2023-04-11
00:00:00,1483006,388.5,390.9,2023-04-12
00:00:00,1103838,391.75,390.1,2023-04-13
00:00:00,2199947,389.95,392.4,2023-04-14
00:00:00,2083987,395,395.85,2023-04-17
00:00:00,2307018,396,397,2023-04-18
00:00:00,4246676,397.3,396.1,2023-04-19
00:00:00,3423777,395.75,396.5,2023-04-20
00:00:00,1856130,397.8,398.75,2023-04-21
00:00:00,1470849,398,400.4,2023-04-24
00:00:00,1330774,399.8,396.45,2023-04-25
00:00:00,1231944,396.15,395.75,2023-04-26
00:00:00,1298205,396,398.25,2023-04-27
00:00:00,2148857,398.9,393.8,2023-04-28
00:00:00,2596818,393.8,390,2023-05-02
00:00:00,2929961,390,378,2023-05-03
00:00:00,1921550,378.45,379.95,2023-05-04
00:00:00,1812937,379.5,378.65,2023-05-05
00:00:00,678275,379.9,381.1,2023-05-08
00:00:00,2258482,381,392.1,2023-05-10
00:00:00,4194968,392.5,391.65,2023-05-11
00:00:00,2479086,391.8,398.95,2023-05-12
00:00:00,4928073,399,407.85,2023-05-15
00:00:00,3077580,409,410.75,2023-05-16
00:00:00,2879675,410.75,414.8,2023-05-17
00:00:00,2798197,416,414.1,2023-05-18
00:00:00,2378290,414.25,413.65,2023-05-19
00:00:00,4220131,417,424.5,2023-05-22
00:00:00,3045708,425.15,424.8,2023-05-23
00:00:00,5445581,425.1,436,2023-05-24
00:00:00,5210438,437.85,430.15,2023-05-25
00:00:00,3225141,428.85,432.9,2023-05-26
00:00:00,4300282,435.85,440.45,2023-05-29
00:00:00,6077510,438,434.5,2023-05-30
00:00:00,9676896,432.75,450.1,2023-05-31
00:00:00,5638696,452,451.5,2023-06-01
00:00:00,3265472,453.5,458.95,2023-06-02
00:00:00,7192545,466.5,458.6,2023-06-05
00:00:00,3970344,457.35,462.1,2023-06-06
00:00:00,3229091,462.15,459.85,2023-06-07
00:00:00,1756416,460,458.15,2023-06-08
00:00:00,2771319,459,463.5,2023-06-09
00:00:00,5960065,465.5,479.85,2023-06-13
00:00:00,3831121,482,478.4,2023-06-14
00:00:00,4199476,479.2,481.75,2023-06-15
00:00:00,2320968,482.2,480.4,2023-06-16
00:00:00,3952683,482.5,485.85,2023-06-19
00:00:00,3794972,487,483.4,2023-06-20
00:00:00,2010884,481.9,481.35,2023-06-21
00:00:00,2311440,481.5,475.45,2023-06-22
00:00:00,5057130,474.35,467.55,2023-06-23
00:00:00,3847536,470.1,474.4,2023-06-26
00:00:00,3141927,476.15,475.85,2023-06-27
00:00:00,1830959,476.15,477.05,2023-06-28
00:00:00,3361222,477.15,482.1,2023-06-29
00:00:00,1746703,482.7,482.35,2023-06-30
00:00:00,2571361,483.6,478.05,2023-07-03
00:00:00,2833902,478.1,473.4,2023-07-04
00:00:00,2549027,474.25,473.9,2023-07-05
00:00:00,3402404,473.35,476.75,2023-07-06
00:00:00,4041779,475.55,482.4,2023-07-07
00:00:00,4601696,470,477.45,2023-07-10
00:00:00,1455224,477.5,478.8,2023-07-11
00:00:00,4933142,477.5,487.05,2023-07-12
00:00:00,4492073,489.25,488.4,2023-07-13
00:00:00,1898938,487.25,487.65,2023-07-14
00:00:00,2952898,485.95,489.3,2023-07-17
00:00:00,2398976,489.3,490.15,2023-07-18
00:00:00,2572971,490.95,485.95,2023-07-19
00:00:00,2903286,485.95,475.1,2023-07-20
00:00:00,2827850,475.5,483.2,2023-07-21
00:00:00,1657519,483.2,481.6,2023-07-24
00:00:00,3238712,482.55,489.15,2023-07-25
00:00:00,2057160,488.95,486.95,2023-07-26
00:00:00,2341860,487.5,493.75,2023-07-27
00:00:00,3925034,493.8,500.65,2023-07-28
00:00:00,3868807,502.65,508.75,2023-07-31
00:00:00,5161679,510,516.7,2023-08-01
00:00:00,4559768,517.5,522.95,2023-08-02
00:00:00,3166505,522.75,526.7,2023-08-03
00:00:00,6546405,527.6,521.95,2023-08-04
00:00:00,6451666,526,524.6,2023-08-07
00:00:00,2864033,523.8,527.9,2023-08-08
00:00:00,2729513,529,533.2,2023-08-09
00:00:00,2142296,534.4,535.2,2023-08-10
00:00:00,5881485,536.15,549,2023-08-11
00:00:00,10364273,551,539.75,2023-08-14
00:00:00,8516492,537.05,546.3,2023-08-15
00:00:00,6239315,546.3,532.95,2023-08-16
00:00:00,4620505,539,544.45,2023-08-17
00:00:00,2583363,544,548.2,2023-08-18
00:00:00,2210109,549,547.45,2023-08-21
00:00:00,2560556,548,549.5,2023-08-22
00:00:00,4535376,549.55,534.5,2023-08-23
00:00:00,1958712,537,539.8,2023-08-24
00:00:00,1546465,541,538.85,2023-08-25
00:00:00,2733712,540.05,545.55,2023-08-28
00:00:00,4401756,545.35,558.3,2023-08-29
00:00:00,6167526,562,556.9,2023-08-30
00:00:00,2579148,557.1,556.15,2023-08-31
00:00:00,2653686,556.5,559.15,2023-09-01
00:00:00,4194716,559.95,567.25,2023-09-04
00:00:00,6406793,568,574.4,2023-09-05
00:00:00,4784201,574.5,578.8,2023-09-06
00:00:00,7017201,578.8,564.6,2023-09-07
00:00:00,3261457,564.5,557.95,2023-09-08
00:00:00,4188570,557.5,549.1,2023-09-11
00:00:00,3062266,551.9,562,2023-09-12
00:00:00,1808550,563.4,555.15,2023-09-13
00:00:00,3342450,555.15,556.3,2023-09-14
00:00:00,3234739,556.55,562.8,2023-09-15
00:00:00,2851153,565,557.1,2023-09-18
00:00:00,3686091,558.6,544,2023-09-19
00:00:00,9824200,544,529.35,2023-09-20
00:00:00,15090715,528,508,2023-09-21
00:00:00,11597068,510,513.9,2023-09-22
00:00:00,5799688,513.9,520.65,2023-09-25
00:00:00,4187848,518.95,517.85,2023-09-26
00:00:00,5004800,520.3,529.95,2023-09-27
00:00:00,3956580,531.4,535.7,2023-09-28
00:00:00,3187176,536,537,2023-09-29
00:00:00,4053827,538.5,535.55,2023-10-02
00:00:00,3202842,534.65,538.9,2023-10-03
00:00:00,3438309,538.2,533.95,2023-10-04
00:00:00,2498335,536,534.7,2023-10-05
00:00:00,2961059,534.5,534.2,2023-10-06
00:00:00,6967992,541.1,552.5,2023-10-09
00:00:00,2946699,552,549,2023-10-10
00:00:00,6376794,549.5,540.35,2023-10-11
00:00:00,4066793,538.4,546.05,2023-10-12
00:00:00,4973328,546.65,561.85,2023-10-13
00:00:00,5076954,564,568.65,2023-10-16
00:00:00,4295747,568.85,573.05,2023-10-17
00:00:00,9706146,574.95,586.8,2023-10-18
00:00:00,5963953,586,595.25,2023-10-19
00:00:00,7898736,596,602.9,2023-10-20
00:00:00,6000105,600.1,593.3,2023-10-23
00:00:00,3869764,593,586.2,2023-10-24
00:00:00,4242769,585,590.5,2023-10-25
00:00:00,3477671,590.5,583,2023-10-26
00:00:00,6836907,584.5,594.6,2023-10-27
00:00:00,2826267,593.25,587.2,2023-10-30
00:00:00,4771075,586,574.55,2023-10-31
00:00:00,4126340,574,579.5,2023-11-01
00:00:00,3432312,581.3,586.25,2023-11-02
00:00:00,3693322,588.4,581.5,2023-11-03
00:00:00,1893451,582.5,588.95,2023-11-06
00:00:00,2211960,588.6,583.95,2023-11-07
00:00:00,2315948,583.95,581.65,2023-11-08
00:00:00,3373607,581.4,583.1,2023-11-09
00:00:00,9601177,583.4,598.3,2023-11-10
00:00:00,4317581,600,598.3,2023-11-13
00:00:00,4653735,597.8,591.3,2023-11-14
00:00:00,5268513,589.9,585,2023-11-15
00:00:00,3579808,583.5,572.75,2023-11-16
00:00:00,4832114,572.55,583.3,2023-11-17
00:00:00,2183257,584.5,581.5,2023-11-20
00:00:00,2115754,581,583.4,2023-11-21
00:00:00,2722059,582.75,581.75,2023-11-22
00:00:00,1298090,581.6,580.8,2023-11-23
00:00:00,3449893,581.2,578.85,2023-11-24
00:00:00,2731793,578.2,578,2023-11-27
00:00:00,3429134,576,589.9,2023-11-28
00:00:00,3570342,589.9,593.45,2023-11-29
00:00:00,5645836,598,584.3,2023-11-30
00:00:00,2625750,583.5,575.15,2023-12-01
00:00:00,3385782,573.85,565,2023-12-04
00:00:00,2249090,567.1,574.35,2023-12-05
00:00:00,2262240,574.8,565.55,2023-12-06
00:00:00,4015534,564.5,560.6,2023-12-07
00:00:00,1606316,563,564.7,2023-12-08
00:00:00,2440767,564.7,555,2023-12-11
00:00:00,2542798,554.55,549.55,2023-12-12
00:00:00,1743135,546,555.85,2023-12-13
00:00:00,3418325,557.4,535.7,2023-12-14
00:00:00,3949304,535.5,561.5,2023-12-15
00:00:00,3630477,568.3,566.65,2023-12-18
00:00:00,3118726,566.65,574,2023-12-19
00:00:00,3382309,574.25,578.6,2023-12-20
00:00:00,2984797,581.2,577.1,2023-12-21
00:00:00,2581816,580,583.75,2023-12-22
00:00:00,1694085,585.85,584.45,2023-12-25
00:00:00,2232310,585,589.3,2023-12-26
00:00:00,2902895,590.45,594.55,2023-12-27
00:00:00,1830269,596.7,591.9,2023-12-28
00:00:00,1878824,591.6,593.2,2023-12-29
00:00:00,1945771,595.6,604,2024-01-03
00:00:00,1193768,605.8,601.15,2024-01-04
00:00:00,1964815,602.6,604.05,2024-01-05
00:00:00,1806126,605.15,602.3,2024-01-08
00:00:00,3249471,603.15,600.55,2024-01-09
00:00:00,5087676,598.1,601,2024-01-10
00:00:00,9771283,574.05,579.6,2024-01-11
00:00:00,5405464,584,584.2,2024-01-12
00:00:00,2573506,585,581.4,2024-01-15
00:00:00,1580870,582.75,578.4,2024-01-16
00:00:00,3911748,578.05,574.75,2024-01-17
00:00:00,2081619,575.8,573.95,2024-01-18
00:00:00,2645181,573.95,574.95,2024-01-19
00:00:00,1873302,575.2,577.95,2024-01-22
00:00:00,1421415,578.95,579.9,2024-01-23
00:00:00,1844368,580.35,575.75,2024-01-24
00:00:00,1874962,573.85,574.65,2024-01-25
00:00:00,1547572,577,573.9,2024-01-26
00:00:00,3555435,574.5,575.75,2024-01-29
00:00:00,2241184,576.35,573.95,2024-01-30
00:00:00,3281866,574.3,575,2024-01-31
00:00:00,4626022,575.5,576.5,2024-02-01
00:00:00,5216251,577,583.95,2024-02-02
00:00:00,5224734,584.05,592,2024-02-05
00:00:00,2085502,593,593.55,2024-02-06
00:00:00,4035754,593.7,589.7,2024-02-07
00:00:00,3315152,586.05,587.75,2024-02-08
00:00:00,2551037,587.8,589.75,2024-02-09
00:00:00,2669101,590.1,588.95,2024-02-12
00:00:00,2388838,590,592.75,2024-02-13
00:00:00,1936190,593.75,590.05,2024-02-14
00:00:00,2645626,590,589.15,2024-02-15
00:00:00,4191003,590.05,585.5,2024-02-16
00:00:00,2552097,585.6,586.25,2024-02-19
00:00:00,5164767,586,572.1,2024-02-20
00:00:00,6696796,572.1,562.35,2024-02-21
00:00:00,2744549,564.45,562.35,2024-02-22
00:00:00,3628956,566.65,575.55,2024-02-26
00:00:00,3489647,575.5,568.2,2024-02-27
00:00:00,2564098,566.95,568.5,2024-02-28
00:00:00,3610085,568.5,578,2024-02-29
00:00:00,2353852,578.05,577.45,2024-03-01
00:00:00,2060097,578.9,582.5,2024-03-04
00:00:00,2703486,582.6,585.55,2024-03-05
00:00:00,1874494,585.7,585.15,2024-03-06
00:00:00,1431702,585,589.45,2024-03-07
00:00:00,1925221,589.6,588.35,2024-03-11
00:00:00,1811625,588.6,588.25,2024-03-12
00:00:00,2723687,586.1,581.45,2024-03-13
00:00:00,2576036,581,584,2024-03-14
00:00:00,1768650,583,584.2,2024-03-15
00:00:00,1287820,584,583.1,2024-03-18
00:00:00,15172575,582.85,565.35,2024-03-19
00:00:00,15832545,565.35,560.3,2024-03-20
00:00:00,13589092,561.3,562.8,2024-03-21
00:00:00,10052432,562.85,554.2,2024-03-22
00:00:00,8585063,556.7,558.05,2024-03-25
00:00:00,4720207,559,556.1,2024-03-26
00:00:00,3623708,556.1,555.4,2024-03-27
00:00:00,8154514,557,565.75,2024-03-28
00:00:00,5575648,567.6,565.75,2024-03-29
00:00:00,8194319,568,568.85,2024-04-01
00:00:00,4834554,570,572.9,2024-04-02
00:00:00,4829568,573.1,576.9,2024-04-03
00:00:00,3924251,577.75,578.05,2024-04-04
00:00:00,3300134,578.85,576.1,2024-04-05
00:00:00,3298221,576.3,574.5,2024-04-08
00:00:00,4663495,574.5,568.4,2024-04-09
00:00:00,2487296,568.5,573.2,2024-04-10
00:00:00,3772650,573.2,575.25,2024-04-11
00:00:00,3152068,576,576.15,2024-04-12
00:00:00,7079255,578.95,589.75,2024-04-15
00:00:00,5290388,590,589.1,2024-04-16
00:00:00,3814643,589.15,584.35,2024-04-17
00:00:00,3808318,583.85,579.15,2024-04-18
00:00:00,3507875,582,585.35,2024-04-19
00:00:00,3190989,586.7,583.15,2024-04-22
00:00:00,3699539,583.85,580.85,2024-04-23
00:00:00,2968087,582.35,576.3,2024-04-24
00:00:00,2269626,577,579.8,2024-04-25
00:00:00,2194810,579.95,581.3,2024-04-26
00:00:00,1379864,581,581.2,2024-04-27
00:00:00,882950,581.8,583.15,2024-04-29
00:00:00,632716,583.15,582,2024-04-30
00:00:00,2169820,581.4,582.3,2024-05-02
00:00:00,2302837,582.75,582.3,2024-05-03
00:00:00,2443510,582,579.05,2024-05-06
00:00:00,1688537,579.15,579.95,2024-05-07
00:00:00,1292162,580.3,578.5,2024-05-08
00:00:00,1159220,579,579.4,2024-05-10
00:00:00,4761120,580.25,589.45,2024-05-13
00:00:00,4215772,590,589.8,2024-05-14
00:00:00,7144102,590.75,599.2,2024-05-15
00:00:00,4645547,599.5,592.6,2024-05-16
00:00:00,3460602,592.8,591.95,2024-05-17
00:00:00,4649647,594,591.9,2024-05-20
00:00:00,4313358,592,594.6,2024-05-21
00:00:00,3748577,593.9,596.85,2024-05-22
00:00:00,3555763,595.7,593.15,2024-05-23
00:00:00,3990201,593.6,585.1,2024-05-24
00:00:00,7407211,585,578.25,2024-05-27
00:00:00,4392067,578.8,573,2024-05-28
00:00:00,2622447,573.95,575.65,2024-05-29
00:00:00,5592247,577.65,566.4,2024-05-30
00:00:00,6164219,570,556.65,2024-05-31
00:00:00,7578912,557,562.95,2024-06-03
00:00:00,5282965,563.1,568.95,2024-06-04
00:00:00,5054761,570.05,562.2,2024-06-05
00:00:00,2240679,563.9,566.3,2024-06-06
00:00:00,3339099,567.3,571.65,2024-06-07
00:00:00,2700282,573.9,563.25,2024-06-10
00:00:00,1892882,562.7,562.85,2024-06-11
00:00:00,4384243,530.5,555.5,2024-06-13
00:00:00,3295509,556,565.1,2024-06-14
00:00:00,2835643,569.85,566.7,2024-06-17
00:00:00,2782506,566.7,554.45,2024-06-18
00:00:00,4682057,553.9,536,2024-06-19
00:00:00,7999562,537,555,2024-06-20
00:00:00,2974414,556.15,550.05,2024-06-21
00:00:00,2058463,551,547.45,2024-06-24
00:00:00,2786893,547.45,558.5,2024-06-25
00:00:00,1996053,559.2,561.2,2024-06-26
00:00:00,1703294,562,559.8,2024-06-27
00:00:00,1455429,560.2,565.25,2024-06-28
00:00:00,3039977,566.35,576.9,2024-07-01
00:00:00,2994694,577.05,573,2024-07-02
00:00:00,2452574,574.8,573.9,2024-07-03
00:00:00,3119545,574.25,561.35,2024-07-04
00:00:00,3340492,561.15,555.85,2024-07-05
00:00:00,5292441,555.85,560.1,2024-07-08
00:00:00,10551555,536,524.6,2024-07-09
00:00:00,8069103,524.5,502.5,2024-07-10
00:00:00,4755570,503,526.7,2024-07-11
00:00:00,2746621,528.8,527.4,2024-07-12
00:00:00,6120047,529,508,2024-07-15
00:00:00,5448563,505,516.9,2024-07-16
00:00:00,4007774,517.05,510.45,2024-07-17
00:00:00,3074149,511.45,517.25,2024-07-18
00:00:00,2593866,517.35,524.15,2024-07-19
00:00:00,3730819,527.5,531.85,2024-07-22
00:00:00,1340983,533.95,530.55,2024-07-23
00:00:00,2224027,532,532.25,2024-07-24
00:00:00,1537179,532.25,532.45,2024-07-25
00:00:00,4861293,532.5,521.4,2024-07-26
00:00:00,3899378,519.95,503.2,2024-07-29
00:00:00,4486792,501,513.95,2024-07-30
00:00:00,2104428,517,515.95,2024-07-31
00:00:00,2738463,516,506.4,2024-08-01
00:00:00,2297403,507,504.8,2024-08-02
00:00:00,5340313,498,493.9,2024-08-05
00:00:00,2468513,496.6,496.15,2024-08-06
00:00:00,4174404,496.15,508.45,2024-08-07
00:00:00,2492871,509.2,503.2,2024-08-08
00:00:00,1526088,503.2,505.7,2024-08-09
00:00:00,6388120,505.7,501.7,2024-08-12
00:00:00,3067178,500.9,502.5,2024-08-13
00:00:00,3472937,503,495.8,2024-08-14
00:00:00,1741554,496.2,493.75,2024-08-15
00:00:00,2085237,494.2,489.7,2024-08-16
00:00:00,3363736,490.35,483.7,2024-08-19
00:00:00,3380235,483.7,481.5,2024-08-20
00:00:00,3804916,482.5,480.95,2024-08-21
00:00:00,3386322,481.1,475.8,2024-08-22
00:00:00,3774407,475.85,478.75,2024-08-23
00:00:00,3724028,486.5,489.55,2024-08-26
00:00:00,2758692,489.85,477.5,2024-08-27
00:00:00,4857838,477.5,479.05,2024-08-28
00:00:00,3815305,480,482.95,2024-08-29
00:00:00,6647038,485.95,475.85,2024-08-30
00:00:00,7183728,473.2,455.05,2024-09-02
00:00:00,8088081,456.05,468.85,2024-09-03
00:00:00,5761554,468,477.75,2024-09-04
00:00:00,3723759,480.35,477.15,2024-09-05
00:00:00,2094811,477.15,479.1,2024-09-06
00:00:00,3006353,479.9,493.8,2024-09-09
00:00:00,4009069,494.2,482.35,2024-09-10
00:00:00,3210223,482.45,477.75,2024-09-11
00:00:00,3697385,478.55,488.45,2024-09-12
00:00:00,4976602,488.4,498,2024-09-13
00:00:00,5157625,500.8,516.3,2024-09-16
00:00:00,3071106,518.75,517.95,2024-09-17
00:00:00,2683861,517.95,510.25,2024-09-18
00:00:00,2818902,511.35,512.55,2024-09-19
00:00:00,6630217,512.5,528.15,2024-09-20
00:00:00,3975646,528.95,526.1,2024-09-23
00:00:00,3269949,526.8,522.1,2024-09-24
00:00:00,3029063,521.5,512.4,2024-09-25
00:00:00,2869880,510.25,512.7,2024-09-26
00:00:00,2195917,513.15,511,2024-09-27
00:00:00,3073519,512.45,507.4,2024-09-30
00:00:00,7113027,506,509.75,2024-10-01
00:00:00,7063610,509.8,499.95,2024-10-02
00:00:00,7576142,499.9,500,2024-10-03
00:00:00,5675373,502.8,501.9,2024-10-04
00:00:00,5642987,502.5,503.5,2024-10-07
00:00:00,3787736,500,501.8,2024-10-08
00:00:00,5222780,503,495.85,2024-10-09
00:00:00,1973851,495.85,497.75,2024-10-10
00:00:00,2499114,497.9,492.15,2024-10-11
00:00:00,3828020,492.15,496,2024-10-14
00:00:00,3415321,495.8,498.4,2024-10-15
00:00:00,3736964,498.4,496.45,2024-10-16
00:00:00,4405919,496.45,486.95,2024-10-17
00:00:00,2519947,487,487.8,2024-10-18
00:00:00,2065853,488.2,484.7,2024-10-21
00:00:00,3133144,484.5,479,2024-10-22
00:00:00,4361513,478.5,469,2024-10-23
00:00:00,4013241,469.55,469.75,2024-10-24
00:00:00,6547227,469.6,456.1,2024-10-25
00:00:00,8597298,451.05,434.75,2024-10-28
00:00:00,7598465,434.75,442.35,2024-10-29
00:00:00,6095361,443.05,439.05,2024-10-30
00:00:00,5970615,438.85,434.1,2024-10-31
00:00:00,9635326,435,444.35,2024-11-01
00:00:00,5094356,444.3,457,2024-11-02
00:00:00,4440023,460,460.5,2024-11-05
00:00:00,7758308,472,466.85,2024-11-06
00:00:00,4021002,467.1,475.5,2024-11-07
00:00:00,5809000,477.6,481.5,2024-11-08
00:00:00,11365921,492.05,490.6,2024-11-11
00:00:00,5376459,489.4,482.05,2024-11-12
00:00:00,8480117,480.1,480.35,2024-11-13
00:00:00,4714440,480.3,473.3,2024-11-14
00:00:00,3984695,472.5,480.1,2024-11-15
00:00:00,4464374,472.2,471.95,2024-11-18
00:00:00,6149406,472.7,459.7,2024-11-19
00:00:00,6283891,461,449.25,2024-11-20
00:00:00,6671902,451.2,458.95,2024-11-21
00:00:00,5830163,458.95,459.9,2024-11-22
00:00:00,3689926,459.9,464.5,2024-11-25
